date,city,actual,observed,Naive (last value),Seasonal naive (weekly),Seasonal naive (annual),ARIMA,SARIMA,Holt-Winters,LSTM,XGBoost,Prophet
2020-06-02,Delhi,123.0,True,100.00000000000003,153.00000000000006,231.99999999999991,115.17663685732529,118.19646047077003,100.65516829976038,110.20530688227798,116.5509585280753,135.18285387824716
2020-06-03,Delhi,123.0,True,100.00000000000003,155.99999999999994,212.00000000000009,123.09444395261033,127.85081986322416,101.12706133040228,121.61512749541352,120.79590163470945,135.5408047835373
2020-06-04,Delhi,144.0,True,100.00000000000003,174.00000000000006,190.0,127.51514098921899,132.95409681284553,101.42854572142171,113.39287405851846,120.82999749467938,136.01292207389508
2020-06-05,Delhi,126.0,True,100.00000000000003,128.99999999999997,208.99999999999994,130.1082400978948,137.29360416269526,99.00648345468342,112.93390020406676,123.27109382331236,133.78839148903964
2020-06-06,Delhi,102.0,True,100.00000000000003,84.00000000000001,192.0,131.77842439353648,141.22397031545188,97.01387880225975,120.20121272338321,130.4204540328212,128.88134531642442
2020-06-07,Delhi,104.0,True,100.00000000000003,80.00000000000003,183.99999999999991,132.989355951433,143.7336567034988,98.6053692225243,116.1704324133418,132.80286364528666,124.70855195115713
2020-06-08,Delhi,112.0,True,100.00000000000003,100.00000000000003,237.00000000000009,133.97259668033342,145.18520354404768,98.59748977157602,117.62682223504757,137.5819449654397,121.92712664258207
2020-06-09,Delhi,138.0,True,100.00000000000003,153.00000000000006,229.99999999999994,134.84237183362455,146.5057372879456,100.65516829976038,125.8926909306383,140.01750199723594,122.80911152356352
2020-06-10,Delhi,154.0,True,100.00000000000003,155.99999999999994,315.00000000000006,135.65468649753618,147.81623311053505,101.12706133040228,116.78000789571011,144.25022251907976,122.90967132491117
2020-06-11,Delhi,142.0,True,100.00000000000003,174.00000000000006,279.9999999999999,136.43691460042197,148.99509346348435,101.42854572142171,114.6774056805185,141.05718484865415,123.1040381458211
2020-06-12,Delhi,152.0,True,100.00000000000003,128.99999999999997,189.0,137.20241086592333,149.98848975948667,99.00648345468342,127.68955286689362,136.30732485382495,120.84831753948752
2020-06-13,Delhi,132.0,True,100.00000000000003,84.00000000000001,166.99999999999997,137.9576802987266,150.78259982843264,97.01387880225975,115.01282229376693,129.49619764365815,116.16876991204145
2020-06-14,Delhi,147.0,True,100.00000000000003,80.00000000000003,216.99999999999997,138.70588496067512,151.37807801881303,98.6053692225243,119.98435679873108,126.59944566860558,112.15673603464171
2020-06-15,Delhi,130.0,True,100.00000000000003,100.00000000000003,205.00000000000003,139.448556573906,151.78099999720692,98.59748977157602,119.22055993722635,123.7279146021864,109.39928804794786
2020-06-16,Delhi,126.0,True,100.00000000000003,153.00000000000006,125.99999999999999,140.18643224918435,151.99961065303654,100.65516829976038,120.41551393719732,126.17934057162061,109.92505905322886
2020-06-17,Delhi,110.0,True,100.00000000000003,155.99999999999994,118.99999999999997,140.91986213993644,152.04311919207976,101.12706133040228,125.48253341304674,129.43031754204654,109.73951777805256
2020-06-18,Delhi,107.0,True,100.00000000000003,174.00000000000006,173.0,141.64900823938464,151.92121859255542,101.42854572142171,131.31812743737214,137.28720707879674,109.63052365028342
2020-06-19,Delhi,132.0,True,100.00000000000003,128.99999999999997,174.99999999999991,142.3739413085369,151.6438639673052,99.00648345468342,123.865776659427,140.17258090320098,107.33878510496153
2020-06-20,Delhi,158.0,True,100.00000000000003,84.00000000000001,178.0,143.09468812697236,151.22114626516364,97.01387880225975,129.8662153825774,137.6693977381123,102.90840992692704
2020-06-21,Delhi,105.0,True,100.00000000000003,80.00000000000003,185.00000000000009,143.81125452109328,150.66320386832635,98.6053692225243,133.9060698382915,133.84991333673995,99.09456826451
2020-06-22,Delhi,104.0,True,100.00000000000003,100.00000000000003,153.00000000000006,144.52363658254578,149.98015186591803,98.59748977157602,120.46177129509219,136.37936430331297,96.4146977765142
2020-06-23,Delhi,85.0,True,100.00000000000003,153.00000000000006,118.00000000000003,145.23182612911955,149.18202179990027,100.65516829976038,118.98175414556484,136.96394961862367,96.65050877531462
2020-06-24,Delhi,71.0,True,100.00000000000003,155.99999999999994,130.99999999999997,145.9358133589272,148.27870920815016,101.12706133040228,131.73083679500795,137.86572269810185,96.27817792091298
2020-06-25,Delhi,86.0,True,100.00000000000003,174.00000000000006,160.99999999999994,146.63558813643473,147.2799278507167,101.42854572142171,129.18573046943405,134.77826353156144,95.99747816307266
2020-06-26,Delhi,104.0,True,100.00000000000003,128.99999999999997,169.00000000000006,147.33114061162289,146.19517003353388,99.00648345468342,131.22357741866142,131.5569655469227,93.83532966755955
2020-06-27,Delhi,112.0,True,100.00000000000003,84.00000000000001,206.99999999999997,148.02246151413038,145.0336726158348,97.01387880225975,126.19265072736395,125.02504001981207,89.84233340741379
2020-06-28,Delhi,196.0,True,100.00000000000003,80.00000000000003,222.99999999999994,148.70954228900771,143.8043883391366,98.6053692225243,128.91407096093928,117.86511793339119,86.43219638779833
2020-06-29,Delhi,233.0,True,100.00000000000003,100.00000000000003,234.0,149.39237515529774,142.51596212868188,98.59748977157602,132.24865016335005,111.44187574329409,84.05499107088342
2020-06-30,Delhi,114.0,True,100.00000000000003,153.00000000000006,194.99999999999991,150.07095312703407,141.17671202079046,100.65516829976038,136.68129944252328,109.97747146259302,84.26523765620797
2020-07-01,Delhi,101.0,True,100.00000000000003,155.99999999999994,201.99999999999997,150.74527001594828,139.7946143709401,101.12706133040228,131.58847941817186,111.19962979838472,83.98773390709741
2020-06-02,Bengaluru,40.0,True,48.99999999999999,65.99999999999997,97.99999999999999,58.48910027290569,57.33435404905326,59.998384293572684,71.8086790352513,53.397352167108316,45.0372461694967
2020-06-03,Bengaluru,42.0,True,48.99999999999999,75.0,69.00000000000003,63.73982718875746,61.30822195767052,58.83398456815142,79.605838640484,55.49240783816849,44.03621256230988
2020-06-04,Bengaluru,43.0,True,48.99999999999999,73.99999999999997,78.0,66.5686909903882,63.25922611565207,58.46109000427279,78.57919589947285,59.37441566516892,43.11854614521269
2020-06-05,Bengaluru,55.0,True,48.99999999999999,65.99999999999997,78.0,68.14920345981885,64.33984742298088,60.70264442252788,73.20923882274892,59.20870505613859,43.423455608063335
2020-06-06,Bengaluru,55.0,True,48.99999999999999,71.99999999999999,102.00000000000001,69.11366938088136,65.04773482115351,60.32479969659713,78.04441425821041,57.75149350698736,43.98515071977033
2020-06-07,Bengaluru,55.0,True,48.99999999999999,61.00000000000001,76.00000000000001,69.77852158409034,65.5868766048521,56.56311518833904,75.21676322584672,57.46671415241322,42.60193543699468
2020-06-08,Bengaluru,55.0,True,48.99999999999999,48.99999999999999,65.99999999999997,70.29703324240026,66.04169831817738,56.4271119711751,73.68979161141978,56.76693259510016,41.68266201809478
2020-06-09,Bengaluru,58.0,True,48.99999999999999,65.99999999999997,54.000000000000014,70.74236450282345,66.44827896545756,59.998384293572684,79.6196871119325,58.058608283366965,43.01780421761783
2020-06-10,Bengaluru,70.0,True,48.99999999999999,75.0,50.0,71.14921893266664,66.82105969785948,58.83398456815142,77.65455429205736,58.932063807686035,43.06937826323881
2020-06-11,Bengaluru,59.0,True,48.99999999999999,73.99999999999997,51.00000000000001,71.53403148327989,67.16775446390778,58.46109000427279,74.45483138155247,59.48298923999195,43.20669230794094
2020-06-12,Bengaluru,49.0,True,48.99999999999999,65.99999999999997,50.0,71.90460139674971,67.49275290931686,60.70264442252788,80.0240868405835,60.48964753138008,44.58668878196602
2020-06-13,Bengaluru,50.0,True,48.99999999999999,71.99999999999999,58.999999999999986,72.2646555902592,67.79901236488756,60.32479969659713,72.28749441522434,62.20438924240333,46.26603743439308
2020-06-14,Bengaluru,49.0,True,48.99999999999999,61.00000000000001,69.00000000000003,72.61600303387544,68.08881192765062,56.56311518833904,75.40561193982063,63.90632149470356,45.87748808457463
2020-06-15,Bengaluru,47.0,True,48.99999999999999,48.99999999999999,62.99999999999998,72.9595500958731,68.36405656622888,56.4271119711751,76.0649056342181,62.402707711132734,45.9078771300265
2020-06-16,Bengaluru,55.0,True,48.99999999999999,65.99999999999997,61.00000000000001,73.29577862270527,68.62640345836414,59.998384293572684,78.75225751945331,65.28758523670953,48.38056621108255
2020-06-17,Bengaluru,57.0,True,48.99999999999999,75.0,70.0,73.62497090403325,68.87731808622524,58.83398456815142,79.48647590162534,65.22443018195776,49.378726516956576
2020-06-18,Bengaluru,65.0,True,48.99999999999999,73.99999999999997,73.99999999999997,73.94731546858645,69.11810249558444,58.46109000427279,82.86268316495284,64.80921991015474,50.392000131724444
2020-06-19,Bengaluru,65.0,True,48.99999999999999,65.99999999999997,67.00000000000001,74.26295679653681,69.34991240933316,60.70264442252788,73.91281442305653,64.99402634842829,52.769967867128265
2020-06-20,Bengaluru,56.0,True,48.99999999999999,71.99999999999999,63.999999999999986,74.57201864603576,69.57376974504935,60.32479969659713,81.31455271859949,65.55642087298763,55.4213777191161
2020-06-21,Bengaluru,52.0,True,48.99999999999999,61.00000000000001,67.00000000000001,74.87461496986566,69.79057309543032,56.56311518833904,84.2522921090096,64.76746600698579,55.477159978375404
2020-06-22,Bengaluru,49.0,True,48.99999999999999,48.99999999999999,65.99999999999997,75.17085499794796,70.00110716515009,56.4271119711751,76.47875108743999,62.068882665225054,55.876777876902274
2020-06-23,Bengaluru,56.0,True,48.99999999999999,65.99999999999997,64.99999999999997,75.46084557903971,70.20605154770462,59.998384293572684,73.02469305271721,63.72369685146286,59.084392768223395
2020-06-24,Bengaluru,63.0,True,48.99999999999999,75.0,64.99999999999997,75.74469223649652,70.40598899100436,58.83398456815142,81.62689061485217,65.78589013672035,60.33354500053303
2020-06-25,Bengaluru,63.0,True,48.99999999999999,73.99999999999997,73.99999999999997,76.02249962222179,70.60141321229766,58.46109000427279,79.7864274229556,66.2046026746372,61.4220026281024
2020-06-26,Bengaluru,58.0,True,48.99999999999999,65.99999999999997,71.99999999999999,76.29437169039512,70.79273629153478,60.70264442252788,74.89672560265127,65.07022384150353,63.977024380816005
2020-06-27,Bengaluru,51.0,True,48.99999999999999,71.99999999999999,71.99999999999999,76.56041174207904,70.98029566225887,60.32479969659713,76.62447422302907,65.88446246854576,66.65360794215034
2020-06-28,Bengaluru,61.0,True,48.99999999999999,61.00000000000001,78.99999999999997,76.82072241163854,71.1643607168138,56.56311518833904,75.15780549814198,65.28192757746992,66.03168985393039
2020-06-29,Bengaluru,65.0,True,48.99999999999999,48.99999999999999,68.00000000000001,77.07540562821349,71.34513904281238,56.4271119711751,78.93554644447579,64.97363797271692,65.67103340500927
2020-06-30,Bengaluru,63.0,True,48.99999999999999,65.99999999999997,64.99999999999997,77.32456256776904,71.52278230845377,59.998384293572684,80.81928594984035,66.70773477931114,68.4243444770776
2020-07-01,Bengaluru,43.0,True,48.99999999999999,75.0,70.0,77.5682936029222,71.69739181474722,58.83398456815142,80.84854103600051,66.49031847303183,68.73980012420861
2020-06-02,Chennai,95.0,True,100.99999999999996,78.99999999999997,160.99999999999994,93.79883733779123,101.70455764840924,99.79016776440498,95.77891933065791,98.5577195263544,67.56509137903882
2020-06-03,Chennai,76.0,True,100.99999999999996,77.0,143.0,89.17167846123647,101.34308258122933,102.22489664230001,94.32648690597505,93.66379292060192,68.82345750136159
2020-06-04,Chennai,99.0,True,100.99999999999996,78.99999999999997,153.00000000000006,86.51482401338308,101.50933241494523,98.8421485422011,94.76300813042103,96.44698727000386,66.34131868492318
2020-06-05,Chennai,81.0,True,100.99999999999996,112.00000000000003,132.0,84.98560366062578,99.94520323612781,99.7379155965275,93.71566688303439,92.1836802102246,64.53463112965701
2020-06-06,Chennai,92.0,True,100.99999999999996,104.99999999999997,94.0,84.11798805237673,100.99863459896555,99.5593699059494,92.02754602124433,89.00283890541822,63.248205556676325
2020-06-07,Chennai,128.0,True,100.99999999999996,87.99999999999999,125.99999999999999,83.64453117284583,102.59426169086105,100.79386010941181,91.91724007686292,92.8951850677763,61.66633772035423
2020-06-08,Chennai,85.0,True,100.99999999999996,100.99999999999996,118.99999999999997,83.40807193173728,102.26449817731529,97.7482311432819,92.34705620963233,91.51183640272791,58.49090223372907
2020-06-09,Chennai,87.0,True,100.99999999999996,78.99999999999997,100.00000000000003,83.31486991248829,102.66180056122512,99.79016776440498,91.2677089898953,93.46998324790226,59.26901361335259
2020-06-10,Chennai,80.0,True,100.99999999999996,77.0,116.00000000000003,83.30849195213906,103.07783519130544,102.22489664230001,93.909841039478,94.31021688121645,60.77045744362222
2020-06-11,Chennai,106.0,True,100.99999999999996,78.99999999999997,118.99999999999997,83.35476958678356,103.39330510369739,98.8421485422011,91.56305814804496,93.62565796809564,59.099221930967126
2020-06-12,Chennai,169.0,True,100.99999999999996,112.00000000000003,109.99999999999997,83.4329422388169,103.64579819144099,99.7379155965275,91.74108741153931,94.26755127535924,58.12910441207721
2020-06-13,Chennai,112.0,True,100.99999999999996,104.99999999999997,91.00000000000001,83.5303689045673,103.84952958667432,99.5593699059494,91.38715123495176,93.64005267138313,57.716892905885445
2020-06-14,Chennai,80.0,True,100.99999999999996,87.99999999999999,89.0,83.63934261138483,104.01076619316669,100.79386010941181,90.72842261897787,94.25483253408837,57.10434508215662
2020-06-15,Chennai,79.0,True,100.99999999999996,100.99999999999996,87.00000000000003,83.75516099076654,104.1330360160879,97.7482311432819,91.22548909351389,92.70348517649415,55.034056626767075
2020-06-16,Chennai,86.0,True,100.99999999999996,78.99999999999997,80.00000000000003,83.87495370486269,104.21888737763622,99.79016776440498,90.38484572222109,93.07525427454868,56.7188653364981
2020-06-17,Chennai,96.0,True,100.99999999999996,77.0,107.99999999999997,83.99696835846882,104.27048512035266,102.22489664230001,90.24960915349057,92.8012988853509,59.179860188761474
2020-06-18,Chennai,112.0,True,100.99999999999996,78.99999999999997,91.00000000000001,84.12013507404087,104.28981502011699,98.8421485422011,91.0069616484897,91.76384415078655,58.57080662072887
2020-06-19,Chennai,109.0,True,100.99999999999996,112.00000000000003,87.99999999999999,84.24380078049435,104.27875614177634,99.7379155965275,89.52064650608241,91.04019464425167,58.611361402097806
2020-06-20,Chennai,152.0,True,100.99999999999996,104.99999999999997,92.00000000000003,84.36756699127693,104.23910853724928,99.5593699059494,89.20038762978804,92.53706124221766,59.16535817466083
2020-06-21,Chennai,140.0,True,100.99999999999996,87.99999999999999,96.0,84.49119073670906,104.1726056748125,100.79386010941181,90.0117163281847,93.10912859732875,59.44649293940637
2020-06-22,Chennai,106.0,True,100.99999999999996,100.99999999999996,109.00000000000004,84.61452405390347,104.08092147572026,97.7482311432819,89.02310105714639,91.8645736728951,58.09613273073844
2020-06-23,Chennai,109.0,True,100.99999999999996,78.99999999999997,100.99999999999996,84.73747702377204,103.96567527736681,99.79016776440498,88.89207789907005,94.86633741030322,60.60162701061094
2020-06-24,Chennai,102.0,True,100.99999999999996,77.0,128.99999999999997,84.85999519061026,103.82843584226305,102.22489664230001,88.50758760989272,97.031607790032,63.862308293978955
2020-06-25,Chennai,108.0,True,100.99999999999996,78.99999999999997,179.0,84.98204576742803,103.6707247962149,98.8421485422011,89.20101107580496,97.0997390844975,63.69038892609284
2020-06-26,Chennai,95.0,True,100.99999999999996,112.00000000000003,69.00000000000003,85.10360920844748,103.49401963453522,99.7379155965275,89.47394174665162,100.3586984625925,64.06124006403503
2020-06-27,Chennai,95.0,True,100.99999999999996,104.99999999999997,78.0,85.22467406047652,103.29975635499974,99.5593699059494,90.51997874443322,100.18900345288375,64.82630145210722
2020-06-28,Chennai,98.0,True,100.99999999999996,87.99999999999999,105.99999999999996,85.3452338174247,103.08933175083328,100.79386010941181,89.51151617940826,101.01327958564687,65.12037244439671
2020-06-29,Chennai,104.0,True,100.99999999999996,100.99999999999996,123.00000000000003,85.46528499859232,102.86410538949897,97.7482311432819,89.92852797283366,103.88189339659043,63.460529282603076
2020-06-30,Chennai,110.0,True,100.99999999999996,78.99999999999997,125.0,85.58482597459626,102.62540130118833,99.79016776440498,90.65748545436054,109.0015316072982,65.8333910878757
2020-07-01,Chennai,92.0,True,100.99999999999996,77.0,73.00000000000003,85.7038562500479,102.37450940059561,102.22489664230001,90.42582432486724,109.87469905113372,68.82651754077912
2020-06-02,Hyderabad,79.0,True,55.00000000000002,89.0,91.00000000000001,64.10950942409022,63.28863495345681,58.69074793068798,70.95227698324159,60.50454417432274,69.33170309092179
2020-06-03,Hyderabad,38.0,True,55.00000000000002,87.00000000000003,75.0,72.3378640619374,70.60650061221043,59.425738069630846,71.27905223641073,63.171494739293834,69.99635987745734
2020-06-04,Hyderabad,33.0,True,55.00000000000002,86.0,86.0,76.39367321272947,72.48921563984536,59.33249747046554,72.16144860598193,63.984578641760606,68.70082055844256
2020-06-05,Hyderabad,38.0,True,55.00000000000002,84.00000000000001,102.99999999999999,77.84579609471514,73.17962046572416,57.96886868171643,72.93478321543567,62.3581602697189,66.80973385467156
2020-06-06,Hyderabad,58.0,True,55.00000000000002,64.99999999999997,89.0,78.31444811981858,74.38418942887049,57.1439430474793,72.11320438298284,60.6922925040612,64.19204322935664
2020-06-07,Hyderabad,64.0,True,55.00000000000002,67.00000000000001,78.0,78.54754585590535,74.52884854818014,59.50291901760479,70.8243000471821,59.24670003591391,63.57217298712875
2020-06-08,Hyderabad,54.0,True,55.00000000000002,55.00000000000002,87.99999999999999,78.76948919492072,75.43438224314416,58.37957198403828,71.09284280149744,58.46376900277649,62.46096088775294
2020-06-09,Hyderabad,57.0,True,55.00000000000002,89.0,75.0,79.01473493919727,75.11819981974779,58.69074793068798,70.5134795867227,56.69169999436152,61.50995802043205
2020-06-10,Hyderabad,48.0,True,55.00000000000002,87.00000000000003,60.00000000000001,79.27408396614678,74.85710365325878,59.425738069630846,71.18364707918487,56.17208800467924,61.91618704070021
2020-06-11,Hyderabad,42.0,True,55.00000000000002,86.0,47.99999999999999,79.53734775435561,74.8520413127686,59.33249747046554,71.12308797765687,55.63103732641584,60.648886497897315
2020-06-12,Hyderabad,42.0,True,55.00000000000002,84.00000000000001,39.0,79.79958465865096,74.87547832771598,57.96886868171643,71.31541351641394,58.16340501014121,58.92133543702503
2020-06-13,Hyderabad,38.0,True,55.00000000000002,64.99999999999997,40.00000000000001,80.05917146783881,74.88216368828064,57.1439430474793,70.57509785222135,58.773552501783186,56.6138258814525
2020-06-14,Hyderabad,32.0,True,55.00000000000002,67.00000000000001,55.00000000000002,80.3157960908929,74.8639610460985,59.50291901760479,70.92025869030395,57.3047383216758,56.128325057524556
2020-06-15,Hyderabad,33.0,True,55.00000000000002,55.00000000000002,56.999999999999986,80.56949732144383,74.82031917528926,58.37957198403828,69.95261715576542,55.75612176767334,55.260041742339915
2020-06-16,Hyderabad,31.0,True,55.00000000000002,89.0,60.00000000000001,80.82035115781426,74.75223698819538,58.69074793068798,70.62739272851881,56.2595560993974,54.57981355928979
2020-06-17,Hyderabad,29.0,True,55.00000000000002,87.00000000000003,60.00000000000001,81.0684092020226,74.6610275489744,59.425738069630846,71.75646676557261,56.44245328295683,55.151071316760195
2020-06-18,Hyderabad,30.0,True,55.00000000000002,86.0,60.00000000000001,81.31370334170481,74.54806317705248,59.33249747046554,73.50254365795827,55.97100519257612,54.266409352361
2020-06-19,Hyderabad,37.0,True,55.00000000000002,84.00000000000001,54.000000000000014,81.55625684937515,74.41472119410257,57.96886868171643,73.11608130890697,55.797246006190015,52.99130806671106
2020-06-20,Hyderabad,52.0,True,55.00000000000002,64.99999999999997,64.99999999999997,81.7960904855697,74.26237079604115,57.1439430474793,72.50439828702058,56.88732117198192,51.202353764447764
2020-06-21,Hyderabad,56.0,True,55.00000000000002,67.00000000000001,60.00000000000001,82.03322470882286,74.09236845503668,59.50291901760479,73.65317716067375,56.728161660374575,51.07097291434028
2020-06-22,Hyderabad,60.0,True,55.00000000000002,55.00000000000002,60.00000000000001,82.26768019291289,73.90605519241058,58.37957198403828,72.62300853962672,56.22257182788419,50.59741721831917
2020-06-23,Hyderabad,51.0,True,55.00000000000002,89.0,61.99999999999999,82.49947783900498,73.70475436113648,58.69074793068798,72.79356841268087,56.838346884820524,50.29487065715116
2020-06-24,Hyderabad,51.0,True,55.00000000000002,87.00000000000003,61.99999999999999,82.72863870838623,73.48976965835719,59.425738069630846,73.37652340257667,57.324508799425814,51.14733934456928
2020-06-25,Hyderabad,52.0,True,55.00000000000002,86.0,60.00000000000001,82.95518397488462,73.26238330902251,59.33249747046554,72.37975819341314,56.979477477005545,50.639993033496644
2020-06-26,Hyderabad,52.0,True,55.00000000000002,84.00000000000001,37.99999999999999,83.1791349000245,73.02385440663274,57.96886868171643,72.81638483668021,56.91089878544939,49.743677583512806
2020-06-27,Hyderabad,58.0,True,55.00000000000002,64.99999999999997,35.0,83.40051281948165,72.77541740603881,57.1439430474793,75.5921355113375,57.46643536205965,48.330700963378135
2020-06-28,Hyderabad,49.0,True,55.00000000000002,67.00000000000001,35.0,83.61933913348818,72.51828076487934,59.50291901760479,74.62295248639863,57.33638543060566,48.45241743302612
2020-06-29,Hyderabad,47.0,True,55.00000000000002,55.00000000000002,39.0,83.83563529825716,72.25362573033114,58.37957198403828,72.03420391304292,56.690599623004424,48.22055400494506
2020-06-30,Hyderabad,46.0,True,55.00000000000002,89.0,43.99999999999999,84.04942281763128,71.98260526763991,58.69074793068798,75.36401498446098,56.730143633541125,48.11968507516335
2020-07-01,Hyderabad,48.0,True,55.00000000000002,87.00000000000003,35.99999999999999,84.2607232348646,71.7063431266022,59.425738069630846,74.96658822881064,56.81115991611125,49.09518845836178
2020-06-02,Lucknow,99.0,True,84.99999999999997,146.99999999999994,183.99999999999991,98.02035077056095,102.81437742304968,89.86921106253452,90.64799811543355,93.00292520909429,112.86131609577292
2020-06-03,Lucknow,110.0,True,84.99999999999997,205.00000000000003,174.00000000000006,106.02796779657263,115.4150416240029,93.86964455694836,100.4330857800515,104.80272455784474,110.00458782181238
2020-06-04,Lucknow,142.0,True,84.99999999999997,135.00000000000006,194.99999999999991,110.01213214393647,121.32953688238894,87.14786993725097,91.70437831150876,108.92429573446775,107.55650403048777
2020-06-05,Lucknow,100.0,True,84.99999999999997,78.0,205.00000000000003,112.15236524926223,124.44434371078349,84.23170730748838,96.0390672734415,109.14151226174535,106.16426256057245
2020-06-06,Lucknow,84.0,True,84.99999999999997,97.00000000000004,145.0,113.48148533117488,127.57884065789128,81.96381381373757,97.06587720933142,112.40890852098771,103.69341265664994
2020-06-07,Lucknow,70.0,True,84.99999999999997,81.00000000000001,103.99999999999997,114.45856905133577,129.4437519863475,82.3630022180531,95.28111651922029,112.23847602107682,101.86582174174619
2020-06-08,Lucknow,77.0,True,84.99999999999997,84.99999999999997,151.0,115.28242082269493,131.26649855559413,86.03874721552921,93.9574631827068,118.08449900543253,99.98881574133527
2020-06-09,Lucknow,148.0,True,84.99999999999997,146.99999999999994,183.00000000000006,116.03819585814185,133.02972944075015,89.86921106253452,99.98731566948506,123.33113574055336,101.78131079001086
2020-06-10,Lucknow,193.0,True,84.99999999999997,205.00000000000003,173.0,116.76219506006824,134.39506701212682,93.86964455694836,94.23289676973408,127.69591744027073,98.9463662125492
2020-06-11,Lucknow,183.0,True,84.99999999999997,135.00000000000006,143.99999999999997,117.46985642644907,135.4248173341026,87.14786993725097,95.8830006395628,127.55196966537864,96.53080736091499
2020-06-12,Lucknow,166.0,True,84.99999999999997,78.0,162.0,118.16773408076807,136.19181299835827,84.23170730748838,106.6458827744654,128.69156243429939,95.10348199678889
2020-06-13,Lucknow,117.0,True,84.99999999999997,97.00000000000004,201.99999999999997,118.85860435342802,136.7321318219984,81.96381381373757,96.69625114572311,131.22976253229072,92.73943294302839
2020-06-14,Lucknow,91.0,True,84.99999999999997,81.00000000000001,225.00000000000009,119.54363850098221,137.06760720032156,82.3630022180531,100.08643632491665,132.34205023383134,90.97356344923158
2020-06-15,Lucknow,79.0,True,84.99999999999997,84.99999999999997,198.99999999999991,120.22332650833785,137.21443899967034,86.03874721552921,99.37606739201809,134.37001937170095,89.17626580545118
2020-06-16,Lucknow,76.0,True,84.99999999999997,146.99999999999994,113.00000000000003,120.89786971698629,137.18645568163046,89.86921106253452,94.15796080229421,137.71317788936994,90.65607196773917
2020-06-17,Lucknow,73.0,True,84.99999999999997,205.00000000000003,114.00000000000001,121.56734765338467,136.99633409568108,93.86964455694836,102.85625710048194,149.01896775823633,88.0036342364699
2020-06-18,Lucknow,75.0,True,84.99999999999997,135.00000000000006,160.00000000000003,122.23178889540223,136.65604652157197,87.14786993725097,105.05507778654501,152.81922444542053,85.71798182926655
2020-06-19,Lucknow,70.0,True,84.99999999999997,78.0,137.99999999999997,122.8912011625335,136.17701971145817,84.23170730748838,107.47457393529585,161.26333234630752,84.29781854856118
2020-06-20,Lucknow,78.0,True,84.99999999999997,97.00000000000004,163.99999999999994,123.54558408138905,135.57018973405806,81.96381381373757,104.01634333510442,159.66927943772455,82.03000421582632
2020-06-21,Lucknow,71.0,True,84.99999999999997,81.00000000000001,206.99999999999997,124.19493459110508,134.84602149556682,82.3630022180531,106.73632933798056,149.93208501084237,80.27495026815828
2020-06-22,Lucknow,64.0,True,84.99999999999997,84.99999999999997,112.00000000000003,124.83924922227511,134.01451814100858,86.03874721552921,99.41990060159786,144.46612991905585,78.47423425169039
2020-06-23,Lucknow,72.0,True,84.99999999999997,146.99999999999994,114.99999999999999,125.47852504796123,133.08522907944518,89.86921106253452,100.38140438534779,126.20372173014707,79.53714068529631
2020-06-24,Lucknow,90.0,True,84.99999999999997,205.00000000000003,151.0,126.11276007080265,132.06725927117884,93.86964455694836,107.4943432069003,117.54621528663735,76.949631810079
2020-06-25,Lucknow,116.0,True,84.99999999999997,135.00000000000006,143.0,126.74195337075666,130.9692802301459,87.14786993725097,102.37026696645474,117.24987481440105,74.67920916323484
2020-06-26,Lucknow,81.0,True,84.99999999999997,78.0,160.99999999999994,127.36610515131565,129.79954247985668,84.23170730748838,109.9505335582143,115.805477745913,73.1625122801511
2020-06-27,Lucknow,74.0,True,84.99999999999997,97.00000000000004,198.99999999999991,127.98521674275142,128.56588902645706,81.96381381373757,101.74492103003497,117.90565054567102,70.91433279225198
2020-06-28,Lucknow,77.0,True,84.99999999999997,81.00000000000001,226.00000000000006,128.599290587256,127.27576942652962,82.3630022180531,107.75012058170225,115.63516861926372,69.12459674055937
2020-06-29,Lucknow,65.0,True,84.99999999999997,84.99999999999997,238.99999999999997,129.2083302165482,125.93625409876257,86.03874721552921,104.27630490111557,115.53465825547552,67.31623821031472
2020-06-30,Lucknow,69.0,True,84.99999999999997,146.99999999999994,124.00000000000004,129.812340226437,124.55404860976896,89.86921106253452,114.71125961839748,117.24637893815279,67.98982021737478
2020-07-01,Lucknow,76.0,True,84.99999999999997,205.00000000000003,172.00000000000006,130.4113262502561,123.13550773856578,93.86964455694836,107.62733104092825,118.00900034259853,65.56742765447083
2020-06-02,Ahmedabad,152.0,True,125.99999999999999,125.99999999999999,418.99999999999994,137.4439777666521,145.917049984268,133.0304892369817,214.16548185388348,129.4040743052692,108.87830691849722
2020-06-03,Ahmedabad,126.5,False,125.99999999999999,123.00000000000003,408.00000000000017,140.86691155279834,156.2268005922953,137.59818710475832,222.35273758811158,124.29181809146978,109.65974880989982
2020-06-04,Ahmedabad,101.0,True,125.99999999999999,117.00000000000004,401.99999999999983,143.16893343245252,163.36601898876546,144.5226664772978,242.08901073975434,127.30896775240214,116.46042257351039
2020-06-05,Ahmedabad,92.0,True,125.99999999999999,125.99999999999999,303.00000000000006,145.03665361858322,168.94039574027892,136.9314491968292,234.75112595781889,129.87264343231593,116.72281360373184
2020-06-06,Ahmedabad,95.0,True,125.99999999999999,112.00000000000003,354.00000000000006,146.73702061108494,175.40168862097542,117.65199688603082,245.8930460603175,128.54063275702092,108.35388149603604
2020-06-07,Ahmedabad,93.0,True,125.99999999999999,103.99999999999997,357.9999999999999,148.37260036848008,181.67410803728026,114.8963693597951,254.33100053431798,126.3813842181655,110.74806630323323
2020-06-08,Ahmedabad,97.0,True,125.99999999999999,125.99999999999999,323.99999999999994,149.98255957667507,186.51190213646896,121.83543604270088,261.2335003589134,128.1296522156525,109.55960602673267
2020-06-09,Ahmedabad,84.0,True,125.99999999999999,125.99999999999999,359.99999999999983,151.58175701946683,191.64528232013294,133.03048923823022,249.25087543139819,129.71716035239663,113.7006373074552
2020-06-10,Ahmedabad,101.0,True,125.99999999999999,123.00000000000003,347.99999999999994,153.17575393693969,197.33244896966153,137.59818710601837,271.20999070285984,129.77576443669437,114.28683652785138
2020-06-11,Ahmedabad,92.0,True,125.99999999999999,117.00000000000004,333.0000000000001,154.76655976743987,203.25937581415437,144.522666478589,281.53112009006645,129.3177327866735,121.02663622363805
2020-06-12,Ahmedabad,105.0,True,125.99999999999999,125.99999999999999,321.00000000000006,156.35482878297745,209.3207322593956,136.93144919802364,288.8571108145027,128.60192288057877,120.86369631769425
2020-06-13,Ahmedabad,98.0,True,125.99999999999999,112.00000000000003,337.9999999999999,157.9406994238929,215.4830494599904,117.65199688703365,269.5771807317971,127.57980213148977,111.72608209044367
2020-06-14,Ahmedabad,96.0,True,125.99999999999999,103.99999999999997,368.9999999999999,159.52411492614473,221.73305980117956,114.89636936075108,282.92787033465936,128.1949985636117,113.65347513068099
2020-06-15,Ahmedabad,96.0,True,125.99999999999999,125.99999999999999,397.0,161.1049457871319,228.06288112411517,121.83543604368975,270.72895803263475,130.2736466226209,111.8602024021972
2020-06-16,Ahmedabad,80.0,True,125.99999999999999,125.99999999999999,413.99999999999983,162.68303654295894,234.46576264269285,133.03048923928327,291.7339802603926,132.42645083739038,115.46906519748752
2020-06-17,Ahmedabad,95.0,True,125.99999999999999,123.00000000000003,362.99999999999994,164.2582236397947,240.93486467113001,137.5981871070811,274.6019918997938,131.85405995024985,115.43758695588143
2020-06-18,Ahmedabad,101.5,False,125.99999999999999,117.00000000000004,370.9999999999999,165.83034226654402,247.46291215273402,144.52266647967807,281.12169043196076,131.2048593122762,121.59431777737363
2020-06-19,Ahmedabad,108.0,True,125.99999999999999,125.99999999999999,565.0000000000001,167.39922897174495,254.04210217557207,136.93144919903105,260.68318766119773,131.29144183192653,120.81183447625267
2020-06-20,Ahmedabad,124.0,True,125.99999999999999,112.00000000000003,347.99999999999994,168.96472266982505,260.664087754421,117.65199688787935,296.7603586226575,129.5328535727839,111.14933061188651
2020-06-21,Ahmedabad,106.0,True,125.99999999999999,103.99999999999997,183.99999999999991,170.52666503131334,267.3199870119929,114.89636936155728,293.03233678919014,127.92631102198052,112.58735860667367
2020-06-22,Ahmedabad,75.0,True,125.99999999999999,125.99999999999999,328.0,172.0849006367011,274.00040325378177,121.8354360445237,294.2786723288727,129.68425383299297,110.408111785133
2020-06-23,Ahmedabad,85.0,True,125.99999999999999,125.99999999999999,440.0,173.63927703890604,280.6954518213828,133.03048924017145,288.4370322642267,131.83480302128095,113.63682491599138
2020-06-24,Ahmedabad,91.0,True,125.99999999999999,123.00000000000003,411.0000000000001,175.1896447896902,287.39479254657317,137.5981871079775,304.2018863704153,132.72708812348327,113.36193532372316
2020-06-25,Ahmedabad,95.0,True,125.99999999999999,117.00000000000004,469.00000000000006,176.7358574511878,294.0876674259385,144.52266648059654,325.4933951064598,132.6971851923504,119.25235444039723
2020-06-26,Ahmedabad,93.0,True,125.99999999999999,125.99999999999999,435.9999999999999,178.27777160064656,300.76294331766275,136.93144919988063,369.40555197388045,131.71109318917124,118.43193613581238
2020-06-27,Ahmedabad,92.0,True,125.99999999999999,112.00000000000003,516.9999999999999,179.81524683150616,307.4091594659486,117.65199688859269,344.40972478722347,130.48156774003257,109.00437354531685
2020-06-28,Ahmedabad,82.0,True,125.99999999999999,103.99999999999997,639.9999999999999,181.3481457520381,314.01457961049994,114.89636936223728,336.29081684155364,130.48156774003257,110.55546911958893
2020-06-29,Ahmedabad,74.0,True,125.99999999999999,125.99999999999999,464.99999999999983,182.8763339820484,320.56724837575945,121.83543604522718,329.9254645268604,132.45972965353562,108.64040457225418
2020-06-30,Ahmedabad,98.0,True,125.99999999999999,125.99999999999999,485.99999999999994,184.3996801478613,327.05505156844936,133.03048924092047,346.84506485762955,133.0273163464451,112.13214421410888
2020-07-01,Ahmedabad,119.0,True,125.99999999999999,123.00000000000003,446.00000000000017,185.91805587570602,333.46577994686123,137.59818710873347,315.75406215764417,132.4939079349863,112.24702004247887
