city,window,test_start,test_end,n_train,model,seed,rmse,mse,mae,mape,n_scored,config
Delhi,0,2020-06-02,2020-07-01,1979,LSTM,42,12.546696564508727,157.4195946818551,10.242608605450215,21.04638296423479,30,"LSTM(1x64) lookback=60, direct 30-step, 17 epochs (early stop), seed=42"
Delhi,0,2020-06-02,2020-07-01,1979,LSTM,43,12.380556210039801,153.27817206995508,9.524309460491585,18.71189228635331,30,"LSTM(1x64) lookback=60, direct 30-step, 18 epochs (early stop), seed=43"
Delhi,0,2020-06-02,2020-07-01,1979,LSTM,44,12.774817064789733,163.19595103884296,9.630580824061253,18.5839020282577,30,"LSTM(1x64) lookback=60, direct 30-step, 18 epochs (early stop), seed=44"
Delhi,1,2020-02-03,2020-03-03,1859,LSTM,42,33.46867093514439,1120.1519341649787,28.148358908610213,31.460472724901866,30,"LSTM(1x64) lookback=60, direct 30-step, 58 epochs (early stop), seed=42"
Delhi,1,2020-02-03,2020-03-03,1859,LSTM,43,36.19850027493793,1310.3314221546811,31.0417420689847,28.874924080431057,30,"LSTM(1x64) lookback=60, direct 30-step, 69 epochs (early stop), seed=43"
Delhi,1,2020-02-03,2020-03-03,1859,LSTM,44,37.88530135920845,1435.2960590780417,32.363664264650794,31.264690238478515,30,"LSTM(1x64) lookback=60, direct 30-step, 48 epochs (early stop), seed=44"
Delhi,2,2019-10-06,2019-11-04,1739,LSTM,42,151.7620674073822,23031.725103762816,101.41153813651691,45.533070381759686,30,"LSTM(1x64) lookback=60, direct 30-step, 18 epochs (early stop), seed=42"
Delhi,2,2019-10-06,2019-11-04,1739,LSTM,43,112.66428038348475,12693.240074328467,68.43839999314054,29.123883376822686,30,"LSTM(1x64) lookback=60, direct 30-step, 23 epochs (early stop), seed=43"
Delhi,2,2019-10-06,2019-11-04,1739,LSTM,44,93.48588966937908,8739.611567275319,56.95171636958007,26.623321349019257,30,"LSTM(1x64) lookback=60, direct 30-step, 34 epochs (early stop), seed=44"
Delhi,3,2019-06-08,2019-07-07,1619,LSTM,42,26.375283704104113,695.65559047198,21.87274023625423,49.76111760735131,30,"LSTM(1x64) lookback=60, direct 30-step, 83 epochs (early stop), seed=42"
Delhi,3,2019-06-08,2019-07-07,1619,LSTM,43,19.933170800614782,397.33129816648176,15.940833278752983,26.99834787419783,30,"LSTM(1x64) lookback=60, direct 30-step, 48 epochs (early stop), seed=43"
Delhi,3,2019-06-08,2019-07-07,1619,LSTM,44,19.83723282863876,393.5158062976233,15.98875007841409,34.614161932569026,30,"LSTM(1x64) lookback=60, direct 30-step, 86 epochs (early stop), seed=44"
Delhi,4,2019-02-08,2019-03-09,1499,LSTM,42,39.88343071188128,1590.688045349435,32.81909413231633,38.5190857360238,30,"LSTM(1x64) lookback=60, direct 30-step, 42 epochs (early stop), seed=42"
Delhi,4,2019-02-08,2019-03-09,1499,LSTM,43,40.420608922998845,1633.8256257060139,33.96987524771056,41.49275989365933,30,"LSTM(1x64) lookback=60, direct 30-step, 69 epochs (early stop), seed=43"
Delhi,4,2019-02-08,2019-03-09,1499,LSTM,44,39.38272797820329,1550.9992630051565,33.19511131582411,40.665355496136385,30,"LSTM(1x64) lookback=60, direct 30-step, 74 epochs (early stop), seed=44"
Delhi,5,2018-10-11,2018-11-09,1379,LSTM,42,64.29602078556861,4133.978288858271,46.02425249066316,25.70453931111925,30,"LSTM(1x64) lookback=60, direct 30-step, 25 epochs (early stop), seed=42"
Delhi,5,2018-10-11,2018-11-09,1379,LSTM,43,56.23450814237261,3162.3199060145716,38.51809195499876,23.793334715422183,30,"LSTM(1x64) lookback=60, direct 30-step, 52 epochs (early stop), seed=43"
Delhi,5,2018-10-11,2018-11-09,1379,LSTM,44,59.80050614785003,3576.100535539049,40.70604239707714,27.635632733642705,30,"LSTM(1x64) lookback=60, direct 30-step, 49 epochs (early stop), seed=44"
Bengaluru,0,2020-06-02,2020-07-01,1901,LSTM,42,9.052436300033857,81.94660296617069,7.9883874161893855,52.8385826086469,30,"LSTM(1x64) lookback=60, direct 30-step, 16 epochs (early stop), seed=42"
Bengaluru,0,2020-06-02,2020-07-01,1901,LSTM,43,11.307922646780048,127.86911458556109,10.393829079225423,67.3239694533191,30,"LSTM(1x64) lookback=60, direct 30-step, 16 epochs (early stop), seed=43"
Bengaluru,0,2020-06-02,2020-07-01,1901,LSTM,44,5.387062087738595,29.020437937150515,4.442524957855332,29.91060905181505,30,"LSTM(1x64) lookback=60, direct 30-step, 20 epochs (early stop), seed=44"
Bengaluru,1,2020-02-03,2020-03-03,1781,LSTM,42,9.662077924016248,93.35574980976213,7.6667209852384905,17.545713542218596,30,"LSTM(1x64) lookback=60, direct 30-step, 21 epochs (early stop), seed=42"
Bengaluru,1,2020-02-03,2020-03-03,1781,LSTM,43,10.00944162840178,100.18892171238245,8.03336104739997,18.203598098420855,30,"LSTM(1x64) lookback=60, direct 30-step, 23 epochs (early stop), seed=43"
Bengaluru,1,2020-02-03,2020-03-03,1781,LSTM,44,9.776640073916958,95.582691134919,7.846089488625339,18.12855470111049,30,"LSTM(1x64) lookback=60, direct 30-step, 24 epochs (early stop), seed=44"
Bengaluru,2,2019-10-06,2019-11-04,1661,LSTM,42,16.065548208732913,258.1018392471213,13.466724028716833,64.736833507278,30,"LSTM(1x64) lookback=60, direct 30-step, 27 epochs (early stop), seed=42"
Bengaluru,2,2019-10-06,2019-11-04,1661,LSTM,43,16.07082220291043,258.27132627755884,13.493432738178145,64.90628658096328,30,"LSTM(1x64) lookback=60, direct 30-step, 30 epochs (early stop), seed=43"
Bengaluru,2,2019-10-06,2019-11-04,1661,LSTM,44,14.919474586228858,222.5907219291288,10.860595498858675,45.054100824268254,30,"LSTM(1x64) lookback=60, direct 30-step, 45 epochs (early stop), seed=44"
Bengaluru,3,2019-06-08,2019-07-07,1541,LSTM,42,7.416039862914635,54.99764724833893,5.718937457966102,37.22875068847177,30,"LSTM(1x64) lookback=60, direct 30-step, 17 epochs (early stop), seed=42"
Bengaluru,3,2019-06-08,2019-07-07,1541,LSTM,43,7.042112730817129,49.59135171353668,5.485156419929431,35.30675528625542,30,"LSTM(1x64) lookback=60, direct 30-step, 18 epochs (early stop), seed=43"
Bengaluru,3,2019-06-08,2019-07-07,1541,LSTM,44,7.5261912809308615,56.64355519715972,5.951584870373172,38.34250086541838,30,"LSTM(1x64) lookback=60, direct 30-step, 17 epochs (early stop), seed=44"
Bengaluru,4,2019-02-08,2019-03-09,1421,LSTM,42,9.565274215884605,91.49447082506683,7.584655879415896,16.564472939554793,30,"LSTM(1x64) lookback=60, direct 30-step, 24 epochs (early stop), seed=42"
Bengaluru,4,2019-02-08,2019-03-09,1421,LSTM,43,15.63143823213401,244.34186120502088,13.892214930185236,32.39297937532391,30,"LSTM(1x64) lookback=60, direct 30-step, 34 epochs (early stop), seed=43"
Bengaluru,4,2019-02-08,2019-03-09,1421,LSTM,44,14.19450914922498,201.4840899874317,12.284028327103236,28.83417443320529,30,"LSTM(1x64) lookback=60, direct 30-step, 33 epochs (early stop), seed=44"
Bengaluru,5,2018-10-11,2018-11-09,1301,LSTM,42,16.560112207931514,274.2373163392824,13.137487274566666,36.50969493158584,30,"LSTM(1x64) lookback=60, direct 30-step, 26 epochs (early stop), seed=42"
Bengaluru,5,2018-10-11,2018-11-09,1301,LSTM,43,16.42057545512659,269.63529827750574,13.051218777327957,35.99579568029675,30,"LSTM(1x64) lookback=60, direct 30-step, 28 epochs (early stop), seed=43"
Bengaluru,5,2018-10-11,2018-11-09,1301,LSTM,44,16.83820988404294,283.52531209908136,13.74679869014866,35.112722548774194,30,"LSTM(1x64) lookback=60, direct 30-step, 26 epochs (early stop), seed=44"
Chennai,0,2020-06-02,2020-07-01,1898,LSTM,42,24.39834541274181,595.2792588794593,22.039489368250024,86.58131616477715,30,"LSTM(1x64) lookback=60, direct 30-step, 55 epochs (early stop), seed=42"
Chennai,0,2020-06-02,2020-07-01,1898,LSTM,43,19.803245270916232,392.1685232600661,14.19304163674392,50.8717939736131,30,"LSTM(1x64) lookback=60, direct 30-step, 31 epochs (early stop), seed=43"
Chennai,0,2020-06-02,2020-07-01,1898,LSTM,44,19.41279303151475,376.85653328442766,12.047726628128926,40.68466608568308,30,"LSTM(1x64) lookback=60, direct 30-step, 25 epochs (early stop), seed=44"
Chennai,1,2020-02-03,2020-03-03,1778,LSTM,42,11.816381519156463,139.6268722062624,10.750072960879427,31.434458333492827,30,"LSTM(1x64) lookback=60, direct 30-step, 18 epochs (early stop), seed=42"
Chennai,1,2020-02-03,2020-03-03,1778,LSTM,43,17.505791075232676,306.452721169696,16.147835285846025,47.279048950003315,30,"LSTM(1x64) lookback=60, direct 30-step, 17 epochs (early stop), seed=43"
Chennai,1,2020-02-03,2020-03-03,1778,LSTM,44,11.891827070120184,141.4155510656432,10.823867506131771,31.637749096719382,30,"LSTM(1x64) lookback=60, direct 30-step, 18 epochs (early stop), seed=44"
Chennai,2,2019-10-06,2019-11-04,1658,LSTM,42,30.13809870526476,908.3049935682814,24.188312178242526,71.85802275718281,30,"LSTM(1x64) lookback=60, direct 30-step, 25 epochs (early stop), seed=42"
Chennai,2,2019-10-06,2019-11-04,1658,LSTM,43,29.222703814798447,853.9664182474356,22.648172392168597,64.92573604093869,30,"LSTM(1x64) lookback=60, direct 30-step, 22 epochs (early stop), seed=43"
Chennai,2,2019-10-06,2019-11-04,1658,LSTM,44,30.452974285717286,927.3836428465581,25.31379262964536,76.12348788315687,30,"LSTM(1x64) lookback=60, direct 30-step, 26 epochs (early stop), seed=44"
Chennai,3,2019-06-08,2019-07-07,1538,LSTM,42,19.271788414241826,371.4018286833055,15.557594435691728,34.0808246002206,30,"LSTM(1x64) lookback=60, direct 30-step, 72 epochs (early stop), seed=42"
Chennai,3,2019-06-08,2019-07-07,1538,LSTM,43,18.539437036422434,343.7107256274719,11.73617691800145,20.94297943903576,30,"LSTM(1x64) lookback=60, direct 30-step, 24 epochs (early stop), seed=43"
Chennai,3,2019-06-08,2019-07-07,1538,LSTM,44,18.154688686346038,329.5927212981408,11.495757978383741,20.659786667918745,30,"LSTM(1x64) lookback=60, direct 30-step, 30 epochs (early stop), seed=44"
Chennai,4,2019-02-08,2019-03-09,1418,LSTM,42,49.655556060445036,2465.6742476719996,30.522641215414147,56.92075472949908,30,"LSTM(1x64) lookback=60, direct 30-step, 32 epochs (early stop), seed=42"
Chennai,4,2019-02-08,2019-03-09,1418,LSTM,43,52.108835421053485,2715.3307289384384,30.046657817909736,49.22481855273316,30,"LSTM(1x64) lookback=60, direct 30-step, 35 epochs (early stop), seed=43"
Chennai,4,2019-02-08,2019-03-09,1418,LSTM,44,49.51579559667487,2451.8140135716862,31.11783942283067,60.23699385108541,30,"LSTM(1x64) lookback=60, direct 30-step, 28 epochs (early stop), seed=44"
Chennai,5,2018-10-11,2018-11-09,1298,LSTM,42,28.176564827813433,793.9188054959731,19.45800485086364,34.5426991686202,30,"LSTM(1x64) lookback=60, direct 30-step, 16 epochs (early stop), seed=42"
Chennai,5,2018-10-11,2018-11-09,1298,LSTM,43,27.804843686607843,773.1093324366959,18.99716777276118,34.119366375250124,30,"LSTM(1x64) lookback=60, direct 30-step, 16 epochs (early stop), seed=43"
Chennai,5,2018-10-11,2018-11-09,1298,LSTM,44,27.939395242770377,780.60980653174,19.08997331664163,33.783113128961055,30,"LSTM(1x64) lookback=60, direct 30-step, 16 epochs (early stop), seed=44"
Hyderabad,0,2020-06-02,2020-07-01,1890,LSTM,42,6.050235368025871,36.60534800851115,4.735774894953197,34.474163765394366,30,"LSTM(1x64) lookback=60, direct 30-step, 19 epochs (early stop), seed=42"
Hyderabad,0,2020-06-02,2020-07-01,1890,LSTM,43,5.929798107855519,35.162505599926895,4.778455160858334,33.54984513857082,30,"LSTM(1x64) lookback=60, direct 30-step, 24 epochs (early stop), seed=43"
Hyderabad,0,2020-06-02,2020-07-01,1890,LSTM,44,5.382532169651263,28.971652557330735,3.9127020186407164,29.269061102278222,30,"LSTM(1x64) lookback=60, direct 30-step, 17 epochs (early stop), seed=44"
Hyderabad,1,2020-02-03,2020-03-03,1770,LSTM,42,16.92607910500524,286.49215386889495,14.825045520621368,40.55479324778422,30,"LSTM(1x64) lookback=60, direct 30-step, 48 epochs (early stop), seed=42"
Hyderabad,1,2020-02-03,2020-03-03,1770,LSTM,43,16.471075664853977,271.29633355734484,14.316164846482918,39.21220864924097,30,"LSTM(1x64) lookback=60, direct 30-step, 28 epochs (early stop), seed=43"
Hyderabad,1,2020-02-03,2020-03-03,1770,LSTM,44,17.01102359200895,289.3749236478851,14.831489901734823,40.627415961675375,30,"LSTM(1x64) lookback=60, direct 30-step, 60 epochs (early stop), seed=44"
Hyderabad,2,2019-10-06,2019-11-04,1650,LSTM,42,24.489797060181704,599.7501600488845,20.104900879027507,72.89916454090366,30,"LSTM(1x64) lookback=60, direct 30-step, 40 epochs (early stop), seed=42"
Hyderabad,2,2019-10-06,2019-11-04,1650,LSTM,43,22.08658584422058,487.81727425412487,18.409437307175434,66.16562551034424,30,"LSTM(1x64) lookback=60, direct 30-step, 39 epochs (early stop), seed=43"
Hyderabad,2,2019-10-06,2019-11-04,1650,LSTM,44,24.09285811572254,580.4658121843373,20.11542505490873,72.55768469953694,30,"LSTM(1x64) lookback=60, direct 30-step, 35 epochs (early stop), seed=44"
Hyderabad,3,2019-06-08,2019-07-07,1530,LSTM,42,23.21733329680994,539.0445654151595,22.309693391589768,140.06604591382043,30,"LSTM(1x64) lookback=60, direct 30-step, 52 epochs (early stop), seed=42"
Hyderabad,3,2019-06-08,2019-07-07,1530,LSTM,43,22.37006908183081,500.41999072588266,21.447936469027955,134.71145293624534,30,"LSTM(1x64) lookback=60, direct 30-step, 59 epochs (early stop), seed=43"
Hyderabad,3,2019-06-08,2019-07-07,1530,LSTM,44,18.219783007975774,331.9604928577228,17.352653874185464,110.63117151751285,30,"LSTM(1x64) lookback=60, direct 30-step, 55 epochs (early stop), seed=44"
Hyderabad,4,2019-02-08,2019-03-09,1410,LSTM,42,11.218566363974622,125.85623126290278,8.775903514911997,19.845776942262688,30,"LSTM(1x64) lookback=60, direct 30-step, 20 epochs (early stop), seed=42"
Hyderabad,4,2019-02-08,2019-03-09,1410,LSTM,43,11.446323855654507,131.01832980852546,9.075299913818357,20.423969907674728,30,"LSTM(1x64) lookback=60, direct 30-step, 19 epochs (early stop), seed=43"
Hyderabad,4,2019-02-08,2019-03-09,1410,LSTM,44,11.20094428046747,125.46115277413693,8.798549262337948,19.90019525449433,30,"LSTM(1x64) lookback=60, direct 30-step, 20 epochs (early stop), seed=44"
Hyderabad,5,2018-10-11,2018-11-09,1290,LSTM,42,18.014298735113414,324.51495891790876,14.024104753604602,35.62316826927267,30,"LSTM(1x64) lookback=60, direct 30-step, 23 epochs (early stop), seed=42"
Hyderabad,5,2018-10-11,2018-11-09,1290,LSTM,43,17.737167176240835,314.6070994379153,13.535234285099968,34.78505121009904,30,"LSTM(1x64) lookback=60, direct 30-step, 24 epochs (early stop), seed=43"
Hyderabad,5,2018-10-11,2018-11-09,1290,LSTM,44,18.423218177187742,339.41496800426086,14.236457149809262,36.23869932146186,30,"LSTM(1x64) lookback=60, direct 30-step, 34 epochs (early stop), seed=44"
Lucknow,0,2020-06-02,2020-07-01,1901,LSTM,42,24.378394561179974,594.3061213805694,21.041897230600977,56.737585594581994,30,"LSTM(1x64) lookback=60, direct 30-step, 16 epochs (early stop), seed=42"
Lucknow,0,2020-06-02,2020-07-01,1901,LSTM,43,32.13756152230394,1032.8228605998706,29.240179499972516,78.39022622354094,30,"LSTM(1x64) lookback=60, direct 30-step, 16 epochs (early stop), seed=43"
Lucknow,0,2020-06-02,2020-07-01,1901,LSTM,44,25.856797160609524,668.5739594049047,23.065503475816858,62.27953793567406,30,"LSTM(1x64) lookback=60, direct 30-step, 16 epochs (early stop), seed=44"
Lucknow,1,2020-02-03,2020-03-03,1781,LSTM,42,31.573355690590432,996.8767895645393,27.687930186233125,35.8374359242078,30,"LSTM(1x64) lookback=60, direct 30-step, 63 epochs (early stop), seed=42"
Lucknow,1,2020-02-03,2020-03-03,1781,LSTM,43,34.75188075363562,1207.6932159149096,26.503218698498973,40.15472618318906,30,"LSTM(1x64) lookback=60, direct 30-step, 20 epochs (early stop), seed=43"
Lucknow,1,2020-02-03,2020-03-03,1781,LSTM,44,30.679233621992406,941.2153756327892,24.267729527310863,35.19186121710959,30,"LSTM(1x64) lookback=60, direct 30-step, 36 epochs (early stop), seed=44"
Lucknow,2,2019-10-06,2019-11-04,1661,LSTM,42,55.24407559548107,3051.907888399227,36.927017365905684,24.19762331049541,30,"LSTM(1x64) lookback=60, direct 30-step, 46 epochs (early stop), seed=42"
Lucknow,2,2019-10-06,2019-11-04,1661,LSTM,43,46.90570737261176,2200.145384125085,29.60157022437467,19.55092345290617,30,"LSTM(1x64) lookback=60, direct 30-step, 40 epochs (early stop), seed=43"
Lucknow,2,2019-10-06,2019-11-04,1661,LSTM,44,57.46291880072522,3301.98703709874,35.37692108551271,20.64327267037333,30,"LSTM(1x64) lookback=60, direct 30-step, 27 epochs (early stop), seed=44"
Lucknow,3,2019-06-08,2019-07-07,1541,LSTM,42,21.103384917975323,445.3528549962283,16.74570242196339,27.453386993019706,30,"LSTM(1x64) lookback=60, direct 30-step, 35 epochs (early stop), seed=42"
Lucknow,3,2019-06-08,2019-07-07,1541,LSTM,43,24.052735514973957,578.5340857532894,19.758719784649504,31.902857585657095,30,"LSTM(1x64) lookback=60, direct 30-step, 22 epochs (early stop), seed=43"
Lucknow,3,2019-06-08,2019-07-07,1541,LSTM,44,24.156721997527,583.5472176658049,19.85383003640023,32.662264776755215,30,"LSTM(1x64) lookback=60, direct 30-step, 25 epochs (early stop), seed=44"
Lucknow,4,2019-02-08,2019-03-09,1421,LSTM,42,39.78688043158741,1582.9958544774336,34.02423195190098,40.364767584015574,30,"LSTM(1x64) lookback=60, direct 30-step, 34 epochs (early stop), seed=42"
Lucknow,4,2019-02-08,2019-03-09,1421,LSTM,43,54.41146197932805,2960.6071947278624,47.01369180989833,59.1984169544122,30,"LSTM(1x64) lookback=60, direct 30-step, 18 epochs (early stop), seed=43"
Lucknow,4,2019-02-08,2019-03-09,1421,LSTM,44,43.28407216559204,1873.5109032361802,37.76483547249766,45.72060084522051,30,"LSTM(1x64) lookback=60, direct 30-step, 31 epochs (early stop), seed=44"
Lucknow,5,2018-10-11,2018-11-09,1301,LSTM,42,64.75508772651057,4193.22138646808,56.28585733432086,43.32300514390007,30,"LSTM(1x64) lookback=60, direct 30-step, 53 epochs (early stop), seed=42"
Lucknow,5,2018-10-11,2018-11-09,1301,LSTM,43,58.41583782040594,3412.4101082599686,49.400611847614066,37.319995418112335,30,"LSTM(1x64) lookback=60, direct 30-step, 72 epochs (early stop), seed=43"
Lucknow,5,2018-10-11,2018-11-09,1301,LSTM,44,60.19313189044506,3623.2131267805144,50.51313937222592,38.14304956109719,30,"LSTM(1x64) lookback=60, direct 30-step, 43 epochs (early stop), seed=44"
Ahmedabad,0,2020-06-02,2020-07-01,966,LSTM,42,24.192367337658865,585.2706374002236,18.10896591778108,70.69977315643348,29,"LSTM(1x64) lookback=60, direct 30-step, 20 epochs (early stop), seed=42"
Ahmedabad,0,2020-06-02,2020-07-01,966,LSTM,43,24.66105519532082,608.1676433466599,19.0466815693551,75.38472338034087,29,"LSTM(1x64) lookback=60, direct 30-step, 19 epochs (early stop), seed=43"
Ahmedabad,0,2020-06-02,2020-07-01,966,LSTM,44,25.894666398280897,670.5337478782578,21.08823701274856,84.44141687993728,29,"LSTM(1x64) lookback=60, direct 30-step, 18 epochs (early stop), seed=44"
Ahmedabad,1,2020-02-03,2020-03-03,846,LSTM,42,22.62044532579426,511.6845467372475,16.048185062495687,20.349448989325104,30,"LSTM(1x64) lookback=60, direct 30-step, 16 epochs (early stop), seed=42"
Ahmedabad,1,2020-02-03,2020-03-03,846,LSTM,43,21.866353968999224,478.1374358975682,15.458793615327231,19.552673589828938,30,"LSTM(1x64) lookback=60, direct 30-step, 16 epochs (early stop), seed=43"
Ahmedabad,1,2020-02-03,2020-03-03,846,LSTM,44,22.19524753541776,492.6290131584682,15.60410820854671,19.62792967258761,30,"LSTM(1x64) lookback=60, direct 30-step, 16 epochs (early stop), seed=44"
Ahmedabad,2,2019-10-06,2019-11-04,726,LSTM,42,40.65476965104081,1652.8102953791888,31.133651202026467,39.41286420782599,30,"LSTM(1x64) lookback=60, direct 30-step, 21 epochs (early stop), seed=42"
Ahmedabad,2,2019-10-06,2019-11-04,726,LSTM,43,33.34135227612047,1111.6457716003633,24.700211870349484,40.7748266529763,30,"LSTM(1x64) lookback=60, direct 30-step, 23 epochs (early stop), seed=43"
Ahmedabad,2,2019-10-06,2019-11-04,726,LSTM,44,35.508968715673824,1260.8868592507024,26.18108075510539,37.254739016816146,30,"LSTM(1x64) lookback=60, direct 30-step, 24 epochs (early stop), seed=44"
Ahmedabad,3,2019-06-08,2019-07-07,606,LSTM,42,13.055809364800549,170.4541581700137,10.921869391104915,25.155214071819376,30,"LSTM(1x64) lookback=60, direct 30-step, 31 epochs (early stop), seed=42"
Ahmedabad,3,2019-06-08,2019-07-07,606,LSTM,43,14.3453141641672,205.7880384686561,12.443492527419268,31.04475638881945,30,"LSTM(1x64) lookback=60, direct 30-step, 64 epochs (early stop), seed=43"
Ahmedabad,3,2019-06-08,2019-07-07,606,LSTM,44,14.023147631135632,196.64866948462492,11.858124937298374,33.04363127221785,30,"LSTM(1x64) lookback=60, direct 30-step, 110 epochs (early stop), seed=44"
Ahmedabad,4,2019-02-08,2019-03-09,486,LSTM,42,34.67436748153101,1202.311760244255,32.09707401040846,69.50668988131497,30,"LSTM(1x64) lookback=60, direct 30-step, 26 epochs (early stop), seed=42"
Ahmedabad,4,2019-02-08,2019-03-09,486,LSTM,43,33.47122139017915,1120.3226613503864,31.13364864160324,67.23859233582947,30,"LSTM(1x64) lookback=60, direct 30-step, 38 epochs (early stop), seed=43"
Ahmedabad,4,2019-02-08,2019-03-09,486,LSTM,44,33.99071456934397,1155.3686769346125,31.59218150283012,68.19081205751256,30,"LSTM(1x64) lookback=60, direct 30-step, 26 epochs (early stop), seed=44"
Ahmedabad,5,2018-10-11,2018-11-09,366,LSTM,42,74.22480989344234,5509.322403717656,67.45921006230782,59.664680590682295,30,"LSTM(1x64) lookback=60, direct 30-step, 64 epochs (early stop), seed=42"
Ahmedabad,5,2018-10-11,2018-11-09,366,LSTM,43,77.38917308731354,5989.084111138173,70.92144053485741,63.039033670642816,30,"LSTM(1x64) lookback=60, direct 30-step, 69 epochs (early stop), seed=43"
Ahmedabad,5,2018-10-11,2018-11-09,366,LSTM,44,75.5156070078527,5702.60690176445,69.01698807015804,61.26263164643194,30,"LSTM(1x64) lookback=60, direct 30-step, 54 epochs (early stop), seed=44"
