city,window,test_start,test_end,n_train,model,kind,rmse,mse,mae,mape,n_scored,config,runtime_s,error,rmse_seed_std,n_runs,best_baseline_rmse,beats_baseline,rmse_vs_baseline_pct,rank,window_winner
Ahmedabad,0,2020-06-02,2020-07-01,966,XGBoost,model,21.038864849370274,442.6338341500681,9.384381655304754,26.166892380321794,29,"XGBoost recursive (21 features: lags 1-28, rolling [7, 14, 30], calendar)",3.86,,,,21.35289974654981,True,-1.5,1.0,True
Ahmedabad,0,2020-06-02,2020-07-01,966,Holt-Winters,model,21.24168835570487,451.20932420088786,10.63819526036059,32.930466361509744,29,"Holt-Winters (add. damped trend, add. seasonal m=7)",0.99,,,,21.35289974654981,True,-0.5,2.0,False
Ahmedabad,0,2020-06-02,2020-07-01,966,Naive (last value),baseline,21.35289974654981,455.94632758620685,11.419655172413792,38.228271238625226,29,Naive (last value),0.0,,,,21.35289974654981,,0.0,3.0,False
Ahmedabad,0,2020-06-02,2020-07-01,966,Seasonal naive (weekly),baseline,21.62291225720436,467.5503344827585,11.058275862068966,34.087813462925524,29,Seasonal naive (weekly),0.0,,,,21.35289974654981,,1.3,4.0,False
Ahmedabad,0,2020-06-02,2020-07-01,966,SARIMA,model,21.869051506716964,478.25541380343947,12.460260828215109,44.37276948607465,29,"SARIMA(1, 0, 2)x(0, 0, 1, 7) + 3 annual Fourier pairs",26.16,,,,21.35289974654981,False,2.4,5.0,False
Ahmedabad,0,2020-06-02,2020-07-01,966,Prophet,model,22.988893400448525,528.4892197771857,10.873848879038293,25.884428657192064,29,"Prophet (yearly + weekly, additive)",1.12,,,,21.35289974654981,False,7.7,6.0,False
Ahmedabad,0,2020-06-02,2020-07-01,966,ARIMA,model,23.931733010252803,572.7278448740236,16.701096566725294,63.39907759345319,29,"ARIMA(1, 0, 2)",17.39,,,,21.35289974654981,False,12.1,7.0,False
Ahmedabad,0,2020-06-02,2020-07-01,966,LSTM,model,24.91602964375353,621.3240095417137,19.414628166628248,76.84197113890387,29,"LSTM(1x64) lookback=60, direct 30-step, 18 epochs (early stop), mean of seeds [42, 43, 44]",56.29,,0.7179668051583051,3.0,21.35289974654981,False,16.7,8.0,False
Ahmedabad,0,2020-06-02,2020-07-01,966,Seasonal naive (annual),baseline,26.86692820242915,721.8318310344829,20.164482758620686,80.82612281956246,29,Seasonal naive (annual),0.0,,,,21.35289974654981,,25.8,9.0,False
Ahmedabad,1,2020-02-03,2020-03-03,846,LSTM,model,22.22734894340375,494.15033193109457,15.703695628789875,19.84335075058055,30,"LSTM(1x64) lookback=60, direct 30-step, 16 epochs (early stop), mean of seeds [42, 43, 44]",34.41,,0.3086922079723394,3.0,27.620565345408835,True,-19.5,1.0,True
Ahmedabad,1,2020-02-03,2020-03-03,846,SARIMA,model,23.685444683683595,561.0002898638355,17.78693010727486,22.732443815043748,30,"SARIMA(1, 0, 2)x(0, 0, 1, 7) + 3 annual Fourier pairs",32.57,,,,27.620565345408835,True,-14.2,2.0,False
Ahmedabad,1,2020-02-03,2020-03-03,846,Holt-Winters,model,24.98993617772604,624.4969101668207,18.458720964632473,22.636905325764932,30,"Holt-Winters (add. damped trend, add. seasonal m=7)",0.97,,,,27.620565345408835,True,-9.5,3.0,False
Ahmedabad,1,2020-02-03,2020-03-03,846,ARIMA,model,25.957165097187485,673.7744198826481,19.573636851058204,24.117790511110478,30,"ARIMA(1, 0, 2)",15.77,,,,27.620565345408835,True,-6.0,4.0,False
Ahmedabad,1,2020-02-03,2020-03-03,846,XGBoost,model,27.080143110555195,733.33415088815,20.941383749985043,26.310301562670517,30,"XGBoost recursive (21 features: lags 1-28, rolling [7, 14, 30], calendar)",3.68,,,,27.620565345408835,True,-2.0,5.0,False
Ahmedabad,1,2020-02-03,2020-03-03,846,Seasonal naive (annual),baseline,27.620565345408835,762.8956299999995,20.840333333333323,26.396623857187222,30,Seasonal naive (annual),0.0,,,,27.620565345408835,,0.0,6.0,False
Ahmedabad,1,2020-02-03,2020-03-03,846,Naive (last value),baseline,28.612186855720527,818.6572366666666,21.82366666666666,26.474699332573774,30,Naive (last value),0.0,,,,27.620565345408835,,3.6,7.0,False
Ahmedabad,1,2020-02-03,2020-03-03,846,Prophet,model,37.58916626721319,1412.9454206641976,31.111508648416752,39.29685279969063,30,"Prophet (yearly + weekly, additive)",1.05,,,,27.620565345408835,False,36.1,8.0,False
Ahmedabad,1,2020-02-03,2020-03-03,846,Seasonal naive (weekly),baseline,44.422225705908374,1973.334136666667,35.76366666666666,47.14491094654478,30,Seasonal naive (weekly),0.0,,,,27.620565345408835,,60.8,9.0,False
Ahmedabad,2,2019-10-06,2019-11-04,726,LSTM,model,36.50169688094504,1341.7809754100847,27.33831460916045,39.14747662587281,30,"LSTM(1x64) lookback=60, direct 30-step, 24 epochs (early stop), mean of seeds [42, 43, 44]",40.14,,3.0670996432611206,3.0,38.98441120071799,True,-6.4,1.0,True
Ahmedabad,2,2019-10-06,2019-11-04,726,Naive (last value),baseline,38.98441120071799,1519.7843166666664,29.31033333333333,37.420800385745395,30,Naive (last value),0.0,,,,38.98441120071799,,0.0,2.0,False
Ahmedabad,2,2019-10-06,2019-11-04,726,Seasonal naive (annual),baseline,39.85914846891069,1588.7517166666655,30.474333333333327,55.321758923182365,30,Seasonal naive (annual),0.0,,,,38.98441120071799,,2.2,3.0,False
Ahmedabad,2,2019-10-06,2019-11-04,726,SARIMA,model,41.32160037276092,1707.4746573661555,33.247977919209816,52.5149687005517,30,"SARIMA(1, 0, 2)x(0, 0, 1, 7) + 3 annual Fourier pairs",28.24,,,,38.98441120071799,False,6.0,4.0,False
Ahmedabad,2,2019-10-06,2019-11-04,726,ARIMA,model,42.03689391792433,1767.1004502668236,32.04465039265935,40.11251082209568,30,"ARIMA(1, 0, 2)",18.33,,,,38.98441120071799,False,7.8,5.0,False
Ahmedabad,2,2019-10-06,2019-11-04,726,Holt-Winters,model,42.36934335761896,1795.1612565558096,32.81367427868161,40.96028544805825,30,"Holt-Winters (add. damped trend, add. seasonal m=7)",0.49,,,,38.98441120071799,False,8.7,6.0,False
Ahmedabad,2,2019-10-06,2019-11-04,726,XGBoost,model,45.15276909904255,2038.7725573114517,36.43689121728339,63.42253890101621,30,"XGBoost recursive (21 features: lags 1-28, rolling [7, 14, 30], calendar)",3.19,,,,38.98441120071799,False,15.8,7.0,False
Ahmedabad,2,2019-10-06,2019-11-04,726,Seasonal naive (weekly),baseline,54.06998033413119,2923.5627733333336,42.72066666666668,51.07576992796577,30,Seasonal naive (weekly),0.0,,,,38.98441120071799,,38.7,8.0,False
Ahmedabad,2,2019-10-06,2019-11-04,726,Prophet,model,64.94284144462225,4217.572654901344,55.36015026125565,104.7235011009481,30,"Prophet (yearly + weekly, additive)",0.77,,,,38.98441120071799,False,66.6,9.0,False
Ahmedabad,3,2019-06-08,2019-07-07,606,ARIMA,model,11.930175888819928,142.32909673818037,10.321332156889124,26.49879032951137,30,"ARIMA(2, 0, 3)",16.86,,,,13.56751377371698,True,-12.1,1.0,True
Ahmedabad,3,2019-06-08,2019-07-07,606,Seasonal naive (weekly),baseline,13.56751377371698,184.07742999999996,11.022999999999998,24.908190816876548,30,Seasonal naive (weekly),0.04,,,,13.56751377371698,,0.0,2.0,False
Ahmedabad,3,2019-06-08,2019-07-07,606,LSTM,model,13.80809038670113,190.96362204109823,11.741162285274186,29.74786724428556,30,"LSTM(1x64) lookback=60, direct 30-step, 110 epochs (early stop), mean of seeds [42, 43, 44]",81.23,,0.5479615988280134,3.0,13.56751377371698,False,1.8,3.0,False
Ahmedabad,3,2019-06-08,2019-07-07,606,XGBoost,model,13.845119048579127,191.68732146932857,10.561021653226975,22.585001514865986,30,"XGBoost recursive (21 features: lags 1-28, rolling [7, 14, 30], calendar)",4.36,,,,13.56751377371698,False,2.0,4.0,False
Ahmedabad,3,2019-06-08,2019-07-07,606,Prophet,model,14.299289364529432,204.46967633054453,12.116504564879886,29.6460608529132,30,"Prophet (yearly + weekly, additive)",1.37,,,,13.56751377371698,False,5.4,5.0,False
Ahmedabad,3,2019-06-08,2019-07-07,606,SARIMA,model,15.306723437905015,234.29578240451073,12.259487690443278,25.373183199709988,30,"SARIMA(1, 0, 2)x(0, 0, 1, 7) + 3 annual Fourier pairs",18.35,,,,13.56751377371698,False,12.8,6.0,False
Ahmedabad,3,2019-06-08,2019-07-07,606,Holt-Winters,model,15.832520135796774,250.6686938504103,12.490490821931369,25.449187980745503,30,"Holt-Winters (add. damped trend, add. seasonal m=7)",0.46,,,,13.56751377371698,False,16.7,7.0,False
Ahmedabad,3,2019-06-08,2019-07-07,606,Naive (last value),baseline,18.802819203513074,353.5460100000001,15.191666666666666,30.096694272071762,30,Naive (last value),0.0,,,,13.56751377371698,,38.6,8.0,False
Ahmedabad,3,2019-06-08,2019-07-07,606,Seasonal naive (annual),baseline,53.699759248374036,2883.664143333333,29.490999999999996,73.66019145236173,30,Seasonal naive (annual),0.0,,,,13.56751377371698,,295.8,9.0,False
Ahmedabad,4,2019-02-08,2019-03-09,486,Prophet,model,22.26908904532627,495.9123269086706,18.340046213703385,39.94040824830433,30,"Prophet (yearly + weekly, additive)",0.55,,,,37.3316689063499,True,-40.3,1.0,True
Ahmedabad,4,2019-02-08,2019-03-09,486,ARIMA,model,25.435573558466338,646.968402248152,23.045346717366176,50.485326201653194,30,"ARIMA(2, 0, 2)",10.93,,,,37.3316689063499,True,-31.9,2.0,False
Ahmedabad,4,2019-02-08,2019-03-09,486,Holt-Winters,model,26.785675384278385,717.4724057919369,24.093543147947482,51.755419692433065,30,"Holt-Winters (add. damped trend, add. seasonal m=7)",0.36,,,,37.3316689063499,True,-28.2,3.0,False
Ahmedabad,4,2019-02-08,2019-03-09,486,SARIMA,model,31.622029884806288,999.952774035582,29.00312038131428,63.1601290691124,30,"SARIMA(2, 0, 2)x(0, 0, 1, 7) + 3 annual Fourier pairs",19.08,,,,37.3316689063499,True,-15.3,4.0,False
Ahmedabad,4,2019-02-08,2019-03-09,486,LSTM,model,34.04543448035138,1159.3343661764181,31.607634718280607,68.31203142488567,30,"LSTM(1x64) lookback=60, direct 30-step, 26 epochs (early stop), mean of seeds [42, 43, 44]",27.41,,0.49270398873921917,3.0,37.3316689063499,True,-8.8,5.0,False
Ahmedabad,4,2019-02-08,2019-03-09,486,Seasonal naive (weekly),baseline,37.3316689063499,1393.6535033333319,28.78233333333332,59.68981058425946,30,Seasonal naive (weekly),0.01,,,,37.3316689063499,,0.0,6.0,False
Ahmedabad,4,2019-02-08,2019-03-09,486,Naive (last value),baseline,42.796050401877025,1831.5019299999985,40.58099999999999,86.69635924151449,30,Naive (last value),0.0,,,,37.3316689063499,,14.6,7.0,False
Ahmedabad,4,2019-02-08,2019-03-09,486,XGBoost,model,51.2381245408125,2625.345406459812,48.446584231342484,102.08239731776483,30,"XGBoost recursive (21 features: lags 1-28, rolling [7, 14, 30], calendar)",2.39,,,,37.3316689063499,False,37.3,8.0,False
Ahmedabad,4,2019-02-08,2019-03-09,486,Seasonal naive (annual),baseline,61.8610195518955,3826.785739999998,41.984666666666655,86.39904452624003,30,Seasonal naive (annual),0.0,,,,37.3316689063499,,65.7,9.0,False
Ahmedabad,5,2018-10-11,2018-11-09,366,Naive (last value),baseline,29.91093166943038,894.6638333333332,22.856666666666662,22.29716719891496,30,Naive (last value),0.0,,,,29.91093166943038,,0.0,1.0,True
Ahmedabad,5,2018-10-11,2018-11-09,366,Holt-Winters,model,30.313194816466734,918.8897799810657,22.877857214528113,22.187406710148455,30,"Holt-Winters (add. damped trend, add. seasonal m=7)",0.34,,,,29.91093166943038,False,1.3,2.0,False
Ahmedabad,5,2018-10-11,2018-11-09,366,SARIMA,model,36.32156288622208,1319.2559304977854,27.78964705469982,22.98567955498206,30,"SARIMA(2, 0, 2)x(0, 0, 1, 7) + 3 annual Fourier pairs",14.98,,,,29.91093166943038,False,21.4,3.0,False
Ahmedabad,5,2018-10-11,2018-11-09,366,XGBoost,model,38.19089124986645,1458.5441744591258,26.93603242654395,23.435763113801382,30,"XGBoost recursive (21 features: lags 1-28, rolling [7, 14, 30], calendar)",2.19,,,,29.91093166943038,False,27.7,4.0,False
Ahmedabad,5,2018-10-11,2018-11-09,366,ARIMA,model,39.158184176726444,1533.363388018429,25.139112010391383,19.200453181133756,30,"ARIMA(2, 0, 2)",9.68,,,,29.91093166943038,False,30.9,5.0,False
Ahmedabad,5,2018-10-11,2018-11-09,366,Seasonal naive (weekly),baseline,44.06622164424811,1941.8318900000004,33.19033333333333,28.391650398980268,30,Seasonal naive (weekly),0.0,,,,29.91093166943038,,47.3,6.0,False
Ahmedabad,5,2018-10-11,2018-11-09,366,Seasonal naive (annual),baseline,45.78935885427655,2096.6653842857145,36.564333333333344,31.70415966807828,30,Seasonal naive (annual),0.0,,,,29.91093166943038,,53.1,7.0,False
Ahmedabad,5,2018-10-11,2018-11-09,366,LSTM,model,75.70986332953619,5733.671138873427,69.13254622244109,61.32211530258568,30,"LSTM(1x64) lookback=60, direct 30-step, 54 epochs (early stop), mean of seeds [42, 43, 44]",35.59,,1.29912797536583,3.0,29.91093166943038,False,153.1,8.0,False
Ahmedabad,5,2018-10-11,2018-11-09,366,Prophet,model,92.1561548952671,8492.756885080462,84.06111810998763,89.5578310687507,30,"Prophet (yearly + weekly, additive)",0.63,,,,29.91093166943038,False,208.1,9.0,False
Bengaluru,0,2020-06-02,2020-07-01,1901,XGBoost,model,4.241609770244423,17.991253443032953,3.48698853581356,20.949761299704086,30,"XGBoost recursive (21 features: lags 1-28, rolling [7, 14, 30], calendar)",4.32,,,,7.901390173043391,True,-46.3,1.0,True
Bengaluru,0,2020-06-02,2020-07-01,1901,ARIMA,model,4.877805320815119,23.792984747772284,4.3895336503386675,26.733742014653778,30,"ARIMA(2, 0, 3)",27.43,,,,7.901390173043391,True,-38.3,2.0,False
Bengaluru,0,2020-06-02,2020-07-01,1901,SARIMA,model,5.193324458434738,26.970618930576464,4.760561657994071,29.324726655259365,30,"SARIMA(2, 0, 1)x(0, 0, 1, 7) + 3 annual Fourier pairs",36.29,,,,7.901390173043391,True,-34.3,3.0,False
Bengaluru,0,2020-06-02,2020-07-01,1901,Prophet,model,5.610371198883678,31.47626498926348,4.463422262255245,25.193935703263175,30,"Prophet (yearly + weekly, additive)",1.66,,,,7.901390173043391,True,-29.0,4.0,False
Bengaluru,0,2020-06-02,2020-07-01,1901,Holt-Winters,model,6.67628532207344,44.57278570173325,5.720668417424938,29.91661724557383,30,"Holt-Winters (add. damped trend, add. seasonal m=7)",1.14,,,,7.901390173043391,True,-15.5,5.0,False
Bengaluru,0,2020-06-02,2020-07-01,1901,Seasonal naive (weekly),baseline,7.901390173043391,62.431966666666675,5.99,38.64300352259089,30,Seasonal naive (weekly),0.0,,,,7.901390173043391,,0.0,6.0,False
Bengaluru,0,2020-06-02,2020-07-01,1901,LSTM,model,8.582473678184167,79.61205182962743,7.608247151090048,50.02438703792702,30,"LSTM(1x64) lookback=60, direct 30-step, 20 epochs (early stop), mean of seeds [42, 43, 44]",77.2,,2.439917497150951,3.0,7.901390173043391,False,8.6,7.0,False
Bengaluru,0,2020-06-02,2020-07-01,1901,Seasonal naive (annual),baseline,9.163404934848183,83.96799000000001,7.604333333333333,48.26349513597471,30,Seasonal naive (annual),0.0,,,,7.901390173043391,,16.0,8.0,False
Bengaluru,0,2020-06-02,2020-07-01,1901,Naive (last value),baseline,10.158181595804109,103.18865333333332,9.16733333333333,46.7170600355932,30,Naive (last value),0.0,,,,7.901390173043391,,28.6,9.0,False
Bengaluru,1,2020-02-03,2020-03-03,1781,SARIMA,model,9.296232183898704,86.41993281695407,7.45967387971581,17.50824268745982,30,"SARIMA(2, 0, 1)x(0, 0, 1, 7) + 3 annual Fourier pairs",33.26,,,,11.47447369889646,True,-19.0,1.0,True
Bengaluru,1,2020-02-03,2020-03-03,1781,LSTM,model,9.816053208778328,96.37578755235454,7.848723840421266,17.95928878058331,30,"LSTM(1x64) lookback=60, direct 30-step, 24 epochs (early stop), mean of seeds [42, 43, 44]",92.89,,0.14452319809361644,3.0,11.47447369889646,True,-14.5,2.0,False
Bengaluru,1,2020-02-03,2020-03-03,1781,Holt-Winters,model,9.891675697686619,97.84524810820407,7.868885746524042,18.547378565501525,30,"Holt-Winters (add. damped trend, add. seasonal m=7)",1.07,,,,11.47447369889646,True,-13.8,3.0,False
Bengaluru,1,2020-02-03,2020-03-03,1781,Seasonal naive (weekly),baseline,11.47447369889646,131.66354666666663,9.49533333333333,24.033754986830548,30,Seasonal naive (weekly),0.0,,,,11.47447369889646,,0.0,4.0,False
Bengaluru,1,2020-02-03,2020-03-03,1781,ARIMA,model,11.5945208698,134.43291420022777,8.978361486555142,18.84314537735792,30,"ARIMA(2, 0, 1)",23.75,,,,11.47447369889646,False,1.0,5.0,False
Bengaluru,1,2020-02-03,2020-03-03,1781,Seasonal naive (annual),baseline,11.91034102506445,141.85622333333333,10.124999999999998,23.097435535771695,30,Seasonal naive (annual),0.0,,,,11.47447369889646,,3.8,6.0,False
Bengaluru,1,2020-02-03,2020-03-03,1781,XGBoost,model,12.352007010599532,152.5720771899,9.709578969777118,20.341503288522446,30,"XGBoost recursive (21 features: lags 1-28, rolling [7, 14, 30], calendar)",5.32,,,,11.47447369889646,False,7.6,7.0,False
Bengaluru,1,2020-02-03,2020-03-03,1781,Naive (last value),baseline,12.42397333115832,154.35511333333318,9.543999999999993,19.601369157002946,30,Naive (last value),0.0,,,,11.47447369889646,,8.3,8.0,False
Bengaluru,1,2020-02-03,2020-03-03,1781,Prophet,model,14.467673234351553,209.31356881597233,11.571867455838893,24.17594855752065,30,"Prophet (yearly + weekly, additive)",1.99,,,,11.47447369889646,False,26.1,9.0,False
Bengaluru,2,2019-10-06,2019-11-04,1661,ARIMA,model,13.519234370101467,182.7696979537328,10.275478030834616,40.69206062415691,30,"ARIMA(2, 0, 1)",23.56,,,,14.239854282962304,True,-5.1,1.0,True
Bengaluru,2,2019-10-06,2019-11-04,1661,SARIMA,model,14.174603717944361,200.91939056076208,11.665611728115913,52.25166935182046,30,"SARIMA(2, 0, 1)x(0, 0, 1, 7) + 3 annual Fourier pairs",29.41,,,,14.239854282962304,True,-0.5,2.0,False
Bengaluru,2,2019-10-06,2019-11-04,1661,Naive (last value),baseline,14.239854282962304,202.77344999999988,11.988999999999995,54.10496396851629,30,Naive (last value),0.0,,,,14.239854282962304,,0.0,3.0,False
Bengaluru,2,2019-10-06,2019-11-04,1661,Holt-Winters,model,14.616157351422542,213.6320557215432,12.396257546380436,55.87226964244974,30,"Holt-Winters (add. damped trend, add. seasonal m=7)",1.18,,,,14.239854282962304,False,2.6,4.0,False
Bengaluru,2,2019-10-06,2019-11-04,1661,XGBoost,model,15.401928548174388,237.21940300306917,12.948989640422356,59.39007009588531,30,"XGBoost recursive (21 features: lags 1-28, rolling [7, 14, 30], calendar)",4.11,,,,14.239854282962304,False,8.2,5.0,False
Bengaluru,2,2019-10-06,2019-11-04,1661,LSTM,model,15.6852816659574,246.32129581793632,12.606917421917885,58.232406970836514,30,"LSTM(1x64) lookback=60, direct 30-step, 45 epochs (early stop), mean of seeds [42, 43, 44]",124.25,,0.5415116596315755,3.0,14.239854282962304,False,10.2,6.0,False
Bengaluru,2,2019-10-06,2019-11-04,1661,Seasonal naive (weekly),baseline,15.706809881916396,246.70387666666653,12.066333333333334,49.776185616203534,30,Seasonal naive (weekly),0.0,,,,14.239854282962304,,10.3,7.0,False
Bengaluru,2,2019-10-06,2019-11-04,1661,Prophet,model,18.488558773211015,341.8268055104779,15.346859566025554,75.54183319630283,30,"Prophet (yearly + weekly, additive)",1.49,,,,14.239854282962304,False,29.8,8.0,False
Bengaluru,2,2019-10-06,2019-11-04,1661,Seasonal naive (annual),baseline,23.43005697816375,548.9675699999999,18.744999999999997,89.90260749121508,30,Seasonal naive (annual),0.0,,,,14.239854282962304,,64.5,9.0,False
Bengaluru,3,2019-06-08,2019-07-07,1541,Holt-Winters,model,6.7851817611774585,46.03869153221524,5.157238774157346,33.68522508545463,30,"Holt-Winters (add. damped trend, add. seasonal m=7)",1.12,,,,6.861863206641961,True,-1.1,1.0,True
Bengaluru,3,2019-06-08,2019-07-07,1541,Naive (last value),baseline,6.861863206641961,47.085166666666694,5.3673333333333355,34.54246373812354,30,Naive (last value),0.0,,,,6.861863206641961,,0.0,2.0,False
Bengaluru,3,2019-06-08,2019-07-07,1541,SARIMA,model,6.8875807090537,47.43876802372867,5.313855435162789,34.15825096017082,30,"SARIMA(2, 0, 1)x(0, 0, 1, 7) + 3 annual Fourier pairs",30.03,,,,6.861863206641961,False,0.4,3.0,False
Bengaluru,3,2019-06-08,2019-07-07,1541,LSTM,model,7.328114624887543,53.74418471967844,5.718559582756235,36.95933561338185,30,"LSTM(1x64) lookback=60, direct 30-step, 17 epochs (early stop), mean of seeds [42, 43, 44]",60.83,,0.20717327092982524,3.0,6.861863206641961,False,6.8,4.0,False
Bengaluru,3,2019-06-08,2019-07-07,1541,Prophet,model,10.07287344475842,101.46277943411934,8.27289541187557,51.33574791495765,30,"Prophet (yearly + weekly, additive)",1.62,,,,6.861863206641961,False,46.8,5.0,False
Bengaluru,3,2019-06-08,2019-07-07,1541,XGBoost,model,10.95590923680504,120.03194720511,9.033357708257613,55.343086236243046,30,"XGBoost recursive (21 features: lags 1-28, rolling [7, 14, 30], calendar)",4.28,,,,6.861863206641961,False,59.7,6.0,False
Bengaluru,3,2019-06-08,2019-07-07,1541,Seasonal naive (annual),baseline,11.582578152840874,134.15611666666672,8.732333333333335,43.75838407490067,30,Seasonal naive (annual),0.0,,,,6.861863206641961,,68.8,7.0,False
Bengaluru,3,2019-06-08,2019-07-07,1541,ARIMA,model,11.711681610291627,137.1634861408431,10.432002355155166,62.892219847570274,30,"ARIMA(2, 0, 1)",21.56,,,,6.861863206641961,False,70.7,8.0,False
Bengaluru,3,2019-06-08,2019-07-07,1541,Seasonal naive (weekly),baseline,12.669744406787906,160.52242333333342,9.448333333333334,55.9657652656526,30,Seasonal naive (weekly),0.0,,,,6.861863206641961,,84.6,9.0,False
Bengaluru,4,2019-02-08,2019-03-09,1421,Holt-Winters,model,9.570738804502662,91.59904126401304,7.594520268751124,16.87702945998476,30,"Holt-Winters (add. damped trend, add. seasonal m=7)",1.02,,,,10.216068715508916,True,-6.3,1.0,True
Bengaluru,4,2019-02-08,2019-03-09,1421,XGBoost,model,9.702688889507664,94.14217168657547,7.466692395888166,16.400765839891047,30,"XGBoost recursive (21 features: lags 1-28, rolling [7, 14, 30], calendar)",3.92,,,,10.216068715508916,True,-5.0,2.0,False
Bengaluru,4,2019-02-08,2019-03-09,1421,Prophet,model,9.816948408465517,96.37247605447367,7.5187528035636575,15.497922295283525,30,"Prophet (yearly + weekly, additive)",1.13,,,,10.216068715508916,True,-3.9,3.0,False
Bengaluru,4,2019-02-08,2019-03-09,1421,Naive (last value),baseline,10.216068715508916,104.36805999999999,8.274,19.07966970381743,30,Naive (last value),0.0,,,,10.216068715508916,,0.0,4.0,False
Bengaluru,4,2019-02-08,2019-03-09,1421,SARIMA,model,10.569020099223083,111.7041858577815,7.896809259538193,15.488565971256158,30,"SARIMA(2, 0, 1)x(0, 0, 1, 7) + 3 annual Fourier pairs",33.26,,,,10.216068715508916,False,3.5,5.0,False
Bengaluru,4,2019-02-08,2019-03-09,1421,ARIMA,model,11.016172633381036,121.35605948845325,8.277469088544823,16.0897654904193,30,"ARIMA(2, 0, 1)",20.25,,,,10.216068715508916,False,7.8,6.0,False
Bengaluru,4,2019-02-08,2019-03-09,1421,Seasonal naive (weekly),baseline,12.12974264634937,147.13065666666665,10.471666666666666,22.991031325245714,30,Seasonal naive (weekly),0.0,,,,10.216068715508916,,18.7,7.0,False
Bengaluru,4,2019-02-08,2019-03-09,1421,LSTM,model,13.1304071990812,179.10680733917312,11.253633045568122,25.930542249361334,30,"LSTM(1x64) lookback=60, direct 30-step, 33 epochs (early stop), mean of seeds [42, 43, 44]",91.53,,2.588284011751754,3.0,10.216068715508916,False,28.5,8.0,False
Bengaluru,4,2019-02-08,2019-03-09,1421,Seasonal naive (annual),baseline,18.523217773018455,343.10959666666673,16.201,32.129872690573066,30,Seasonal naive (annual),0.0,,,,10.216068715508916,,81.3,9.0,False
Bengaluru,5,2018-10-11,2018-11-09,1301,Naive (last value),baseline,14.786321607034884,218.63530666666668,12.028666666666668,37.36754306486315,30,Naive (last value),0.0,,,,14.786321607034884,,0.0,1.0,True
Bengaluru,5,2018-10-11,2018-11-09,1301,Holt-Winters,model,15.65161050895627,244.97291152407035,12.888198159753076,33.97858774842714,30,"Holt-Winters (add. damped trend, add. seasonal m=7)",0.92,,,,14.786321607034884,False,5.9,2.0,False
Bengaluru,5,2018-10-11,2018-11-09,1301,LSTM,model,16.606299182367014,275.7993089052898,13.311834914014428,35.87273772021893,30,"LSTM(1x64) lookback=60, direct 30-step, 26 epochs (early stop), mean of seeds [42, 43, 44]",75.88,,0.1735983035817666,3.0,14.786321607034884,False,12.3,3.0,False
Bengaluru,5,2018-10-11,2018-11-09,1301,Prophet,model,16.98322515849068,288.42993678399074,13.304022340140856,36.185868859465764,30,"Prophet (yearly + weekly, additive)",1.36,,,,14.786321607034884,False,14.9,4.0,False
Bengaluru,5,2018-10-11,2018-11-09,1301,SARIMA,model,17.05586746536598,290.9026149961298,14.101013356772732,35.73410638386477,30,"SARIMA(2, 0, 1)x(0, 0, 1, 7) + 3 annual Fourier pairs",26.94,,,,14.786321607034884,False,15.3,5.0,False
Bengaluru,5,2018-10-11,2018-11-09,1301,XGBoost,model,17.940882278647567,321.87525693629027,14.807934333901976,36.35195316412446,30,"XGBoost recursive (21 features: lags 1-28, rolling [7, 14, 30], calendar)",4.11,,,,14.786321607034884,False,21.3,6.0,False
Bengaluru,5,2018-10-11,2018-11-09,1301,ARIMA,model,19.18536868940941,368.07837174857104,15.833282733964905,35.89743956998194,30,"ARIMA(2, 0, 1)",19.83,,,,14.786321607034884,False,29.8,7.0,False
Bengaluru,5,2018-10-11,2018-11-09,1301,Seasonal naive (weekly),baseline,23.140207432086687,535.4692,17.917333333333332,40.645814258278904,30,Seasonal naive (weekly),0.0,,,,14.786321607034884,,56.5,8.0,False
Bengaluru,5,2018-10-11,2018-11-09,1301,Seasonal naive (annual),baseline,28.75584276861545,826.8984933333336,22.58733333333334,65.30568846272205,30,Seasonal naive (annual),0.0,,,,14.786321607034884,,94.5,9.0,False
Chennai,0,2020-06-02,2020-07-01,1898,Seasonal naive (weekly),baseline,18.500722328240773,342.27672666666666,12.224,39.968883407377234,30,Seasonal naive (weekly),0.0,,,,18.500722328240773,,0.0,1.0,True
Chennai,0,2020-06-02,2020-07-01,1898,Holt-Winters,model,19.159127187095194,367.0721545712902,11.691537828054436,38.658134908367245,30,"Holt-Winters (add. damped trend, add. seasonal m=7)",1.2,,,,18.500722328240773,False,3.6,2.0,False
Chennai,0,2020-06-02,2020-07-01,1898,ARIMA,model,19.239642912307072,370.1638593930877,10.618620025570898,32.538015323933664,30,"ARIMA(2, 0, 2)",25.96,,,,18.500722328240773,False,4.0,3.0,False
Chennai,0,2020-06-02,2020-07-01,1898,Naive (last value),baseline,20.407735134828986,416.47565333333347,15.818000000000005,58.527709407593,30,Naive (last value),0.0,,,,18.500722328240773,,10.3,4.0,False
Chennai,0,2020-06-02,2020-07-01,1898,Prophet,model,20.435727971876616,417.6189777405404,8.923610005218263,20.30456145149037,30,"Prophet (yearly + weekly, additive)",1.57,,,,18.500722328240773,False,10.5,5.0,False
Chennai,0,2020-06-02,2020-07-01,1898,LSTM,model,21.204794571724264,454.7681051413177,16.093419211040956,59.37925874135777,30,"LSTM(1x64) lookback=60, direct 30-step, 25 epochs (early stop), mean of seeds [42, 43, 44]",224.97,,2.2638004135282954,3.0,18.500722328240773,False,14.6,6.0,False
Chennai,0,2020-06-02,2020-07-01,1898,SARIMA,model,23.544868185850934,554.3608178890954,21.033345534672648,82.27725451650049,30,"SARIMA(2, 0, 2)x(0, 0, 1, 7) + 3 annual Fourier pairs",47.45,,,,18.500722328240773,False,27.3,7.0,False
Chennai,0,2020-06-02,2020-07-01,1898,XGBoost,model,24.007101499857303,576.3409224244508,18.333719184960945,68.95760459159719,30,"XGBoost recursive (21 features: lags 1-28, rolling [7, 14, 30], calendar)",3.87,,,,18.500722328240773,False,29.8,8.0,False
Chennai,0,2020-06-02,2020-07-01,1898,Seasonal naive (annual),baseline,32.1325929548177,1032.5035300000004,27.756333333333334,110.74305164325055,30,Seasonal naive (annual),0.0,,,,18.500722328240773,,73.7,9.0,False
Chennai,1,2020-02-03,2020-03-03,1778,Prophet,model,7.389311030544703,54.60191750612962,5.996972365810281,16.99702813345651,30,"Prophet (yearly + weekly, additive)",1.28,,,,10.046588143909023,True,-26.4,1.0,True
Chennai,1,2020-02-03,2020-03-03,1778,Holt-Winters,model,8.630644983070596,74.48803282380163,6.468558060784477,15.659186555510546,30,"Holt-Winters (add. damped trend, add. seasonal m=7)",1.15,,,,10.046588143909023,True,-14.1,2.0,False
Chennai,1,2020-02-03,2020-03-03,1778,ARIMA,model,8.954210826649012,80.17789152807838,7.499027758883201,21.852466859611425,30,"ARIMA(2, 0, 2)",21.82,,,,10.046588143909023,True,-10.9,3.0,False
Chennai,1,2020-02-03,2020-03-03,1778,Naive (last value),baseline,10.046588143909023,100.93393333333334,7.777333333333335,18.513452529795153,30,Naive (last value),0.0,,,,10.046588143909023,,0.0,4.0,False
Chennai,1,2020-02-03,2020-03-03,1778,Seasonal naive (weekly),baseline,11.708631573900226,137.09205333333327,9.46133333333333,25.312614416306683,30,Seasonal naive (weekly),0.0,,,,10.046588143909023,,16.5,5.0,False
Chennai,1,2020-02-03,2020-03-03,1778,LSTM,model,13.737999888169774,195.8317148138672,12.573925250952406,36.783752126738506,30,"LSTM(1x64) lookback=60, direct 30-step, 18 epochs (early stop), mean of seeds [42, 43, 44]",76.94,,2.6644087311286286,3.0,10.046588143909023,False,36.7,6.0,False
Chennai,1,2020-02-03,2020-03-03,1778,SARIMA,model,18.26854670411271,333.73979868034735,16.175976315276646,47.39669614209368,30,"SARIMA(2, 0, 2)x(0, 0, 1, 7) + 3 annual Fourier pairs",40.48,,,,10.046588143909023,False,81.8,7.0,False
Chennai,1,2020-02-03,2020-03-03,1778,XGBoost,model,19.69704598486053,387.9736205297104,17.698785824492038,51.66884338274384,30,"XGBoost recursive (21 features: lags 1-28, rolling [7, 14, 30], calendar)",4.2,,,,10.046588143909023,False,96.1,8.0,False
Chennai,1,2020-02-03,2020-03-03,1778,Seasonal naive (annual),baseline,51.00577251645149,2601.588829999999,30.005666666666663,76.75490113120014,30,Seasonal naive (annual),0.0,,,,10.046588143909023,,407.7,9.0,False
Chennai,2,2019-10-06,2019-11-04,1658,LSTM,model,29.937925601926832,896.5516848874249,24.050092400018826,70.96908222709278,30,"LSTM(1x64) lookback=60, direct 30-step, 26 epochs (early stop), mean of seeds [42, 43, 44]",105.58,,0.5218194524154042,3.0,31.771409107351005,True,-5.8,1.0,True
Chennai,2,2019-10-06,2019-11-04,1658,SARIMA,model,29.97563472858212,898.5386773813784,21.511904707318084,58.4390113927935,30,"SARIMA(2, 0, 2)x(0, 0, 1, 7) + 3 annual Fourier pairs",37.88,,,,31.771409107351005,True,-5.7,2.0,False
Chennai,2,2019-10-06,2019-11-04,1658,Prophet,model,31.540840762633405,994.824636013797,20.057133404512285,46.127218881585144,30,"Prophet (yearly + weekly, additive)",1.28,,,,31.771409107351005,True,-0.7,3.0,False
Chennai,2,2019-10-06,2019-11-04,1658,Naive (last value),baseline,31.771409107351005,1009.4224366666664,24.46566666666666,72.27335220936587,30,Naive (last value),0.0,,,,31.771409107351005,,0.0,4.0,False
Chennai,2,2019-10-06,2019-11-04,1658,ARIMA,model,31.7805021599855,1010.0003175408431,19.071612148977582,42.71673455201732,30,"ARIMA(2, 0, 2)",21.07,,,,31.771409107351005,False,0.0,5.0,False
Chennai,2,2019-10-06,2019-11-04,1658,XGBoost,model,31.880530265441635,1016.3682100057401,26.711979756571335,78.73549715518216,30,"XGBoost recursive (21 features: lags 1-28, rolling [7, 14, 30], calendar)",7.04,,,,31.771409107351005,False,0.3,6.0,False
Chennai,2,2019-10-06,2019-11-04,1658,Holt-Winters,model,32.44106469489718,1052.4226785385042,19.85859575891818,45.50072901392798,30,"Holt-Winters (add. damped trend, add. seasonal m=7)",1.25,,,,31.771409107351005,False,2.1,7.0,False
Chennai,2,2019-10-06,2019-11-04,1658,Seasonal naive (weekly),baseline,35.81338613796057,1282.5986266666664,22.579999999999995,47.477347309208795,30,Seasonal naive (weekly),0.0,,,,31.771409107351005,,12.7,8.0,False
Chennai,2,2019-10-06,2019-11-04,1658,Seasonal naive (annual),baseline,41.09800639933768,1689.0461300000004,29.531000000000002,88.85327855632679,30,Seasonal naive (annual),0.0,,,,31.771409107351005,,29.4,9.0,False
Chennai,3,2019-06-08,2019-07-07,1538,Holt-Winters,model,17.69000716838705,312.93635361758527,11.325816113980045,20.91855466166475,30,"Holt-Winters (add. damped trend, add. seasonal m=7)",1.12,,,,19.028547851408245,True,-7.0,1.0,True
Chennai,3,2019-06-08,2019-07-07,1538,ARIMA,model,17.82622861810948,317.7744267451054,11.894621329145155,22.287244502684842,30,"ARIMA(2, 0, 2)",22.81,,,,19.028547851408245,True,-6.3,2.0,False
Chennai,3,2019-06-08,2019-07-07,1538,SARIMA,model,18.077080366472646,326.7808345759109,12.862321940364309,26.355431835355265,30,"SARIMA(2, 0, 2)x(0, 0, 1, 7) + 3 annual Fourier pairs",37.13,,,,19.028547851408245,True,-5.0,3.0,False
Chennai,3,2019-06-08,2019-07-07,1538,LSTM,model,18.65530471233677,348.23509186963935,12.929843110692305,25.22786356905837,30,"LSTM(1x64) lookback=60, direct 30-step, 30 epochs (early stop), mean of seeds [42, 43, 44]",210.69,,0.4633551116638671,3.0,19.028547851408245,True,-2.0,4.0,False
Chennai,3,2019-06-08,2019-07-07,1538,Seasonal naive (weekly),baseline,19.028547851408245,362.0856333333333,13.960000000000003,28.176270283851473,30,Seasonal naive (weekly),0.0,,,,19.028547851408245,,0.0,5.0,False
Chennai,3,2019-06-08,2019-07-07,1538,XGBoost,model,19.225371222245375,369.6148986331407,15.626155337719943,34.219905543218296,30,"XGBoost recursive (21 features: lags 1-28, rolling [7, 14, 30], calendar)",3.64,,,,19.028547851408245,False,1.0,6.0,False
Chennai,3,2019-06-08,2019-07-07,1538,Naive (last value),baseline,19.51191311310434,380.71475333333314,12.384666666666666,20.6116074875817,30,Naive (last value),0.0,,,,19.028547851408245,,2.5,7.0,False
Chennai,3,2019-06-08,2019-07-07,1538,Prophet,model,19.658040440939033,386.4385539775945,12.91156843709499,21.405477918002177,30,"Prophet (yearly + weekly, additive)",1.67,,,,19.028547851408245,False,3.3,8.0,False
Chennai,3,2019-06-08,2019-07-07,1538,Seasonal naive (annual),baseline,23.53826898195079,554.0501066666667,19.557333333333336,42.01656781226905,30,Seasonal naive (annual),0.0,,,,19.028547851408245,,23.7,9.0,False
Chennai,4,2019-02-08,2019-03-09,1418,SARIMA,model,48.02044453635097,2305.9630934687602,35.652299701582606,83.53797881749752,30,"SARIMA(2, 0, 2)x(0, 0, 1, 7) + 3 annual Fourier pairs",35.54,,,,48.5699490082774,True,-1.1,1.0,True
Chennai,4,2019-02-08,2019-03-09,1418,XGBoost,model,48.06003016515125,2309.766499475248,34.74603923471005,79.59330125063691,30,"XGBoost recursive (21 features: lags 1-28, rolling [7, 14, 30], calendar)",4.04,,,,48.5699490082774,True,-1.0,2.0,False
Chennai,4,2019-02-08,2019-03-09,1418,Prophet,model,48.43436216713891,2345.8874385375766,36.60745416599273,87.55929381435571,30,"Prophet (yearly + weekly, additive)",1.14,,,,48.5699490082774,True,-0.3,3.0,False
Chennai,4,2019-02-08,2019-03-09,1418,Holt-Winters,model,48.45220734612205,2347.616396711604,32.980350074211145,70.13488549752671,30,"Holt-Winters (add. damped trend, add. seasonal m=7)",1.07,,,,48.5699490082774,True,-0.2,4.0,False
Chennai,4,2019-02-08,2019-03-09,1418,Naive (last value),baseline,48.5699490082774,2359.0399466666663,32.53533333333334,68.69408644444495,30,Naive (last value),0.0,,,,48.5699490082774,,0.0,5.0,False
Chennai,4,2019-02-08,2019-03-09,1418,ARIMA,model,49.21662421884212,2422.2760994987166,31.387396616524374,61.91373596392344,30,"ARIMA(2, 0, 2)",21.83,,,,48.5699490082774,False,1.3,6.0,False
Chennai,4,2019-02-08,2019-03-09,1418,Seasonal naive (weekly),baseline,49.449594437164,2445.2623900000012,29.904333333333334,54.27801897592751,30,Seasonal naive (weekly),0.0,,,,48.5699490082774,,1.8,7.0,False
Chennai,4,2019-02-08,2019-03-09,1418,Seasonal naive (annual),baseline,49.96645217877023,2496.646343333333,35.28966666666667,81.94522700219069,30,Seasonal naive (annual),0.0,,,,48.5699490082774,,2.9,8.0,False
Chennai,4,2019-02-08,2019-03-09,1418,LSTM,model,50.42672902605779,2544.272996727375,30.562379485384852,55.460855711105886,30,"LSTM(1x64) lookback=60, direct 30-step, 28 epochs (early stop), mean of seeds [42, 43, 44]",161.11,,1.1907965652935444,3.0,48.5699490082774,False,3.8,9.0,False
Chennai,5,2018-10-11,2018-11-09,1298,Prophet,model,26.802201467193452,718.3580034880268,18.37564157373753,37.28917201264104,30,"Prophet (yearly + weekly, additive)",1.68,,,,31.129531798599235,True,-13.9,1.0,True
Chennai,5,2018-10-11,2018-11-09,1298,Holt-Winters,model,27.67098594690898,765.6834632740344,19.33097696022065,38.437908981335475,30,"Holt-Winters (add. damped trend, add. seasonal m=7)",2.23,,,,31.129531798599235,True,-11.1,2.0,False
Chennai,5,2018-10-11,2018-11-09,1298,LSTM,model,27.973601252397216,782.5459814881364,19.18171531342215,34.148392890943796,30,"LSTM(1x64) lookback=60, direct 30-step, 16 epochs (early stop), mean of seeds [42, 43, 44]",90.69,,0.15366997109767458,3.0,31.129531798599235,True,-10.1,3.0,False
Chennai,5,2018-10-11,2018-11-09,1298,SARIMA,model,28.66449436577429,821.6532372455059,19.026009164070167,32.58145892739112,30,"SARIMA(2, 0, 2)x(0, 0, 1, 7) + 3 annual Fourier pairs",40.23,,,,31.129531798599235,True,-7.9,4.0,False
Chennai,5,2018-10-11,2018-11-09,1298,XGBoost,model,29.013738245609666,841.797006984753,21.276327623614666,41.38308496374302,30,"XGBoost recursive (21 features: lags 1-28, rolling [7, 14, 30], calendar)",4.37,,,,31.129531798599235,True,-6.8,5.0,False
Chennai,5,2018-10-11,2018-11-09,1298,ARIMA,model,29.519033007225318,871.3733096816577,19.4458706865111,31.81872508482871,30,"ARIMA(2, 0, 2)",20.65,,,,31.129531798599235,True,-5.2,6.0,False
Chennai,5,2018-10-11,2018-11-09,1298,Naive (last value),baseline,31.129531798599235,969.047750000001,24.04766666666668,57.971777401597045,30,Naive (last value),0.0,,,,31.129531798599235,,0.0,7.0,False
Chennai,5,2018-10-11,2018-11-09,1298,Seasonal naive (weekly),baseline,38.58397815155923,1488.7233700000002,29.273666666666667,51.98258184551434,30,Seasonal naive (weekly),0.0,,,,31.129531798599235,,23.9,8.0,False
Chennai,5,2018-10-11,2018-11-09,1298,Seasonal naive (annual),baseline,56.325381194153195,3172.5485666666664,33.12266666666667,66.00141311739748,30,Seasonal naive (annual),0.0,,,,31.129531798599235,,80.9,9.0,False
Delhi,0,2020-06-02,2020-07-01,1979,XGBoost,model,11.276265823035613,127.15417091176106,9.327752372444031,19.373792619934978,30,"XGBoost recursive (21 features: lags 1-28, rolling [7, 14, 30], calendar)",5.33,,,,12.69982388329329,True,-11.2,1.0,True
Delhi,0,2020-06-02,2020-07-01,1979,ARIMA,model,12.435855756127754,154.6505083872158,10.40147456300761,23.74668140957259,30,"ARIMA(2, 0, 2)",26.24,,,,12.69982388329329,True,-2.1,2.0,False
Delhi,0,2020-06-02,2020-07-01,1979,Prophet,model,12.5076374382817,156.44099428750602,9.79762655295027,19.3072484001111,30,"Prophet (yearly + weekly, additive)",2.14,,,,12.69982388329329,True,-1.5,3.0,False
Delhi,0,2020-06-02,2020-07-01,1979,LSTM,model,12.567356613112755,157.96457259688438,9.799166296667686,19.447392426281933,30,"LSTM(1x64) lookback=60, direct 30-step, 18 epochs (early stop), mean of seeds [42, 43, 44]",82.62,,0.16161793135515082,3.0,12.69982388329329,True,-1.0,4.0,False
Delhi,0,2020-06-02,2020-07-01,1979,Naive (last value),baseline,12.69982388329329,161.28552666666664,9.705333333333332,18.830793596462954,30,Naive (last value),0.0,,,,12.69982388329329,,0.0,5.0,False
Delhi,0,2020-06-02,2020-07-01,1979,Holt-Winters,model,16.46228970288907,271.00698226184744,12.840265588332082,23.990783326206476,30,"Holt-Winters (add. damped trend, add. seasonal m=7)",1.19,,,,12.69982388329329,False,29.6,6.0,False
Delhi,0,2020-06-02,2020-07-01,1979,SARIMA,model,17.360297936919803,301.37994445862194,14.5558791328171,36.980007095218596,30,"SARIMA(2, 0, 2)x(0, 0, 1, 7) + 3 annual Fourier pairs",42.86,,,,12.69982388329329,False,36.7,7.0,False
Delhi,0,2020-06-02,2020-07-01,1979,Seasonal naive (weekly),baseline,20.683995262037747,427.82766,16.956000000000003,35.195767977896814,30,Seasonal naive (weekly),0.0,,,,12.69982388329329,,62.9,8.0,False
Delhi,0,2020-06-02,2020-07-01,1979,Seasonal naive (annual),baseline,23.583016911893754,556.1586866666669,18.116000000000003,41.58903425041148,30,Seasonal naive (annual),0.0,,,,12.69982388329329,,85.7,9.0,False
Delhi,1,2020-02-03,2020-03-03,1859,SARIMA,model,35.7942967671428,1281.231681054289,30.467644539810955,34.511966817688844,30,"SARIMA(2, 0, 2)x(0, 0, 1, 7) + 3 annual Fourier pairs",39.5,,,,39.89762900223521,True,-10.3,1.0,True
Delhi,1,2020-02-03,2020-03-03,1859,LSTM,model,35.850824189763586,1288.5931384659004,30.517921747415233,30.533362347937146,30,"LSTM(1x64) lookback=60, direct 30-step, 48 epochs (early stop), mean of seeds [42, 43, 44]",242.1,,1.8197646497727273,3.0,39.89762900223521,True,-10.1,2.0,False
Delhi,1,2020-02-03,2020-03-03,1859,Prophet,model,35.92259146871033,1290.4325778278603,31.409100594532784,29.603325434380633,30,"Prophet (yearly + weekly, additive)",2.32,,,,39.89762900223521,True,-10.0,3.0,False
Delhi,1,2020-02-03,2020-03-03,1859,ARIMA,model,38.89770296976298,1513.031296323908,33.7752050380075,35.622348056410424,30,"ARIMA(2, 0, 3)",26.84,,,,39.89762900223521,True,-2.5,4.0,False
Delhi,1,2020-02-03,2020-03-03,1859,Holt-Winters,model,39.35023614175411,1548.4410844118113,34.23577733863488,37.300373551883034,30,"Holt-Winters (add. damped trend, add. seasonal m=7)",1.07,,,,39.89762900223521,True,-1.4,5.0,False
Delhi,1,2020-02-03,2020-03-03,1859,Naive (last value),baseline,39.89762900223521,1591.8208000000002,34.464666666666666,38.46237736085216,30,Naive (last value),0.0,,,,39.89762900223521,,0.0,6.0,False
Delhi,1,2020-02-03,2020-03-03,1859,XGBoost,model,48.10239527509839,2313.8404312018074,38.85493657903566,48.416063175001156,30,"XGBoost recursive (21 features: lags 1-28, rolling [7, 14, 30], calendar)",9.54,,,,39.89762900223521,False,20.6,7.0,False
Delhi,1,2020-02-03,2020-03-03,1859,Seasonal naive (annual),baseline,52.32244954765273,2737.638726666665,43.25399999999999,41.373606537364644,30,Seasonal naive (annual),0.0,,,,39.89762900223521,,31.1,8.0,False
Delhi,1,2020-02-03,2020-03-03,1859,Seasonal naive (weekly),baseline,56.893989957932554,3236.9260933333303,46.61266666666664,46.36526575772466,30,Seasonal naive (weekly),0.0,,,,39.89762900223521,,42.6,9.0,False
Delhi,2,2019-10-06,2019-11-04,1739,Seasonal naive (annual),baseline,99.01408893014502,9803.789806666668,58.16666666666667,34.41828289275845,30,Seasonal naive (annual),0.0,,,,99.01408893014502,,0.0,1.0,True
Delhi,2,2019-10-06,2019-11-04,1739,Prophet,model,101.069283762459,10215.000120256456,61.1461607681205,28.25838590282372,30,"Prophet (yearly + weekly, additive)",1.59,,,,99.01408893014502,False,2.1,2.0,False
Delhi,2,2019-10-06,2019-11-04,1739,LSTM,model,119.30407915341534,14821.525581788868,75.60055149974585,33.76009170253388,30,"LSTM(1x64) lookback=60, direct 30-step, 34 epochs (early stop), mean of seeds [42, 43, 44]",94.69,,24.249995446277396,3.0,99.01408893014502,False,20.5,3.0,False
Delhi,2,2019-10-06,2019-11-04,1739,SARIMA,model,124.89046993253328,15597.629479968999,76.47338510418474,32.181554063696154,30,"SARIMA(2, 1, 2)x(0, 0, 1, 7) + 3 annual Fourier pairs",27.67,,,,99.01408893014502,False,26.1,4.0,False
Delhi,2,2019-10-06,2019-11-04,1739,XGBoost,model,169.0003540656853,28561.119674326994,123.1202368834267,59.79138492166567,30,"XGBoost recursive (21 features: lags 1-28, rolling [7, 14, 30], calendar)",4.36,,,,99.01408893014502,False,70.7,5.0,False
Delhi,2,2019-10-06,2019-11-04,1739,Holt-Winters,model,177.06726094994508,31352.81490031595,131.53410615019405,65.61062242282247,30,"Holt-Winters (add. damped trend, add. seasonal m=7)",0.96,,,,99.01408893014502,False,78.8,6.0,False
Delhi,2,2019-10-06,2019-11-04,1739,Naive (last value),baseline,178.32110493900228,31798.416466666666,133.25466666666668,67.05043585498196,30,Naive (last value),0.0,,,,99.01408893014502,,80.1,7.0,False
Delhi,2,2019-10-06,2019-11-04,1739,ARIMA,model,181.41217693761413,32910.377941244216,137.22077830695832,70.20852762750872,30,"ARIMA(1, 1, 3)",10.64,,,,99.01408893014502,False,83.2,8.0,False
Delhi,2,2019-10-06,2019-11-04,1739,Seasonal naive (weekly),baseline,181.72787460926298,33025.020410000005,136.397,70.28249063327094,30,Seasonal naive (weekly),0.0,,,,99.01408893014502,,83.5,9.0,False
Delhi,3,2019-06-08,2019-07-07,1619,Prophet,model,18.622002718567284,346.77898525032725,14.861097685060294,28.677592159259063,30,"Prophet (yearly + weekly, additive)",2.72,,,,20.581195705465383,True,-9.5,1.0,True
Delhi,3,2019-06-08,2019-07-07,1619,SARIMA,model,19.48510138828414,379.66917611171255,15.394898951101252,32.458731817034284,30,"SARIMA(2, 0, 2)x(0, 0, 1, 7) + 3 annual Fourier pairs",37.72,,,,20.581195705465383,True,-5.3,2.0,False
Delhi,3,2019-06-08,2019-07-07,1619,Holt-Winters,model,20.461256891308324,418.66303357211234,15.962916194666402,31.266913381698192,30,"Holt-Winters (add. damped trend, add. seasonal m=7)",1.05,,,,20.581195705465383,True,-0.6,3.0,False
Delhi,3,2019-06-08,2019-07-07,1619,Naive (last value),baseline,20.581195705465383,423.5856166666668,15.965666666666667,29.321779248732167,30,Naive (last value),0.0,,,,20.581195705465383,,0.0,4.0,False
Delhi,3,2019-06-08,2019-07-07,1619,LSTM,model,22.048562444452553,495.50089831202837,17.93410786447377,37.12454247137273,30,"LSTM(1x64) lookback=60, direct 30-step, 86 epochs (early stop), mean of seeds [42, 43, 44]",290.93,,3.059704633637841,3.0,20.581195705465383,False,7.1,5.0,False
Delhi,3,2019-06-08,2019-07-07,1619,XGBoost,model,23.452936128474985,550.0402130463273,18.170987524254425,37.71211403120153,30,"XGBoost recursive (21 features: lags 1-28, rolling [7, 14, 30], calendar)",10.76,,,,20.581195705465383,False,14.0,6.0,False
Delhi,3,2019-06-08,2019-07-07,1619,ARIMA,model,25.53358908306857,651.9641714629985,21.255965869947428,46.792400187788324,30,"ARIMA(3, 0, 2)",24.88,,,,20.581195705465383,False,24.1,7.0,False
Delhi,3,2019-06-08,2019-07-07,1619,Seasonal naive (weekly),baseline,27.14894602005757,737.0652699999996,22.090333333333323,46.40932234606819,30,Seasonal naive (weekly),0.0,,,,20.581195705465383,,31.9,8.0,False
Delhi,3,2019-06-08,2019-07-07,1619,Seasonal naive (annual),baseline,60.61281652148056,3673.9135266666667,39.905333333333346,75.04924721416941,30,Seasonal naive (annual),0.0,,,,20.581195705465383,,194.5,9.0,False
Delhi,4,2019-02-08,2019-03-09,1499,SARIMA,model,39.198316538534456,1536.508019455144,32.09274059266367,37.52520255217926,30,"SARIMA(2, 0, 2)x(0, 0, 1, 7) + 3 annual Fourier pairs",33.05,,,,53.88422289192511,True,-27.3,1.0,True
Delhi,4,2019-02-08,2019-03-09,1499,Prophet,model,39.42555270008496,1554.374205707176,32.099812365275895,38.774285204304476,30,"Prophet (yearly + weekly, additive)",2.8,,,,53.88422289192511,True,-26.8,2.0,False
Delhi,4,2019-02-08,2019-03-09,1499,LSTM,model,39.89558920436114,1591.8376446868685,33.328026898617,40.225733708606505,30,"LSTM(1x64) lookback=60, direct 30-step, 74 epochs (early stop), mean of seeds [42, 43, 44]",200.38,,0.4238003347465759,3.0,53.88422289192511,True,-26.0,3.0,False
Delhi,4,2019-02-08,2019-03-09,1499,ARIMA,model,41.954115640411835,1760.1478191690492,35.50470036828893,41.679789378700846,30,"ARIMA(3, 0, 2)",23.18,,,,53.88422289192511,True,-22.1,4.0,False
Delhi,4,2019-02-08,2019-03-09,1499,Holt-Winters,model,43.67329702970987,1907.356873445265,30.534330511594188,26.613361954211552,30,"Holt-Winters (add. damped trend, add. seasonal m=7)",0.94,,,,53.88422289192511,True,-18.9,5.0,False
Delhi,4,2019-02-08,2019-03-09,1499,XGBoost,model,43.703466268141916,1909.9929638506185,36.28284558734069,44.847767502041386,30,"XGBoost recursive (21 features: lags 1-28, rolling [7, 14, 30], calendar)",4.86,,,,53.88422289192511,True,-18.9,6.0,False
Delhi,4,2019-02-08,2019-03-09,1499,Naive (last value),baseline,53.88422289192511,2903.509476666666,39.701,32.439534926334495,30,Naive (last value),0.0,,,,53.88422289192511,,0.0,7.0,False
Delhi,4,2019-02-08,2019-03-09,1499,Seasonal naive (annual),baseline,63.97332326837491,4092.5860899999993,52.200333333333326,56.63480540712936,30,Seasonal naive (annual),0.0,,,,53.88422289192511,,18.7,8.0,False
Delhi,4,2019-02-08,2019-03-09,1499,Seasonal naive (weekly),baseline,87.96405313156805,7737.6746433333265,74.88766666666665,92.70250351461539,30,Seasonal naive (weekly),0.0,,,,53.88422289192511,,63.2,9.0,False
Delhi,5,2018-10-11,2018-11-09,1379,Prophet,model,56.68431949302558,3213.1120763874,39.11288202472786,22.498503311492684,30,"Prophet (yearly + weekly, additive)",1.73,,,,105.65894636360265,True,-46.4,1.0,True
Delhi,5,2018-10-11,2018-11-09,1379,LSTM,model,60.11034502526375,3624.1329101372976,41.749462280913015,25.711168920061382,30,"LSTM(1x64) lookback=60, direct 30-step, 49 epochs (early stop), mean of seeds [42, 43, 44]",120.69,,3.2983831010127775,3.0,105.65894636360265,True,-43.1,2.0,False
Delhi,5,2018-10-11,2018-11-09,1379,XGBoost,model,64.91447859423039,4213.889531160796,52.003462987708936,30.66802786171177,30,"XGBoost recursive (21 features: lags 1-28, rolling [7, 14, 30], calendar)",5.56,,,,105.65894636360265,True,-38.6,3.0,False
Delhi,5,2018-10-11,2018-11-09,1379,SARIMA,model,82.33561689588916,6779.1538096266295,58.17341362546897,28.102832698632223,30,"SARIMA(2, 1, 2)x(1, 0, 1, 7) + 3 annual Fourier pairs",22.34,,,,105.65894636360265,True,-22.1,4.0,False
Delhi,5,2018-10-11,2018-11-09,1379,Seasonal naive (annual),baseline,105.65894636360265,11163.812946666663,67.74933333333333,38.263104106975376,30,Seasonal naive (annual),0.0,,,,105.65894636360265,,0.0,5.0,False
Delhi,5,2018-10-11,2018-11-09,1379,Seasonal naive (weekly),baseline,111.24395649502344,12375.217856666666,85.75166666666668,42.12893667256087,30,Seasonal naive (weekly),0.0,,,,105.65894636360265,,5.3,6.0,False
Delhi,5,2018-10-11,2018-11-09,1379,Holt-Winters,model,114.89241554930037,13200.267150753116,88.20239220497962,42.28319836942254,30,"Holt-Winters (add. damped trend, add. seasonal m=7)",0.85,,,,105.65894636360265,False,8.7,7.0,False
Delhi,5,2018-10-11,2018-11-09,1379,Naive (last value),baseline,116.84306071250732,13652.300836666673,89.97833333333337,42.98011466952663,30,Naive (last value),0.0,,,,105.65894636360265,,10.6,8.0,False
Delhi,5,2018-10-11,2018-11-09,1379,ARIMA,model,126.35598074874204,15965.83387097647,100.90132315390723,49.10782865431849,30,"ARIMA(2, 1, 2)",9.47,,,,105.65894636360265,False,19.6,9.0,False
Hyderabad,0,2020-06-02,2020-07-01,1890,LSTM,model,5.787521881844218,33.57983538858959,4.475644024817416,32.431023335414466,30,"LSTM(1x64) lookback=60, direct 30-step, 17 epochs (early stop), mean of seeds [42, 43, 44]",101.96,,0.29056127712404534,3.0,9.765378640892527,True,-40.7,1.0,True
Hyderabad,0,2020-06-02,2020-07-01,1890,Prophet,model,6.292563675884898,39.59635761506606,5.236012147620675,30.359658959217096,30,"Prophet (yearly + weekly, additive)",1.65,,,,9.765378640892527,True,-35.6,2.0,False
Hyderabad,0,2020-06-02,2020-07-01,1890,XGBoost,model,8.060129878491047,64.96569365814409,6.252838656372645,45.34558446673234,30,"XGBoost recursive (21 features: lags 1-28, rolling [7, 14, 30], calendar)",3.74,,,,9.765378640892527,True,-17.5,3.0,False
Hyderabad,0,2020-06-02,2020-07-01,1890,SARIMA,model,8.777564246291671,77.04563409777789,7.021620408480678,50.086322283016806,30,"SARIMA(2, 0, 1)x(0, 0, 1, 7) + 3 annual Fourier pairs",78.49,,,,9.765378640892527,True,-10.1,4.0,False
Hyderabad,0,2020-06-02,2020-07-01,1890,Holt-Winters,model,9.472065562263595,89.72002601581995,8.174613512764392,57.0659217960394,30,"Holt-Winters (add. damped trend, add. seasonal m=7)",3.37,,,,9.765378640892527,True,-3.0,5.0,False
Hyderabad,0,2020-06-02,2020-07-01,1890,Seasonal naive (annual),baseline,9.765378640892527,95.36261999999998,8.281333333333333,51.56575454910205,30,Seasonal naive (annual),0.0,,,,9.765378640892527,,0.0,6.0,False
Hyderabad,0,2020-06-02,2020-07-01,1890,Seasonal naive (weekly),baseline,10.698729986934586,114.4628233333333,9.140333333333333,61.61319616272143,30,Seasonal naive (weekly),0.0,,,,9.765378640892527,,9.6,7.0,False
Hyderabad,0,2020-06-02,2020-07-01,1890,Naive (last value),baseline,12.467088941154895,155.42830666666669,11.471333333333332,76.59948392547281,30,Naive (last value),0.0,,,,9.765378640892527,,27.7,8.0,False
Hyderabad,0,2020-06-02,2020-07-01,1890,ARIMA,model,13.019146892007269,169.49818579566255,12.163964968195158,80.25317253821618,30,"ARIMA(2, 0, 1)",30.87,,,,9.765378640892527,False,33.3,9.0,False
Hyderabad,1,2020-02-03,2020-03-03,1770,ARIMA,model,12.29942125627284,151.27576323925618,10.282112094634284,25.549405719856665,30,"ARIMA(2, 0, 1)",30.91,,,,12.944055649859772,True,-5.0,1.0,True
Hyderabad,1,2020-02-03,2020-03-03,1770,Holt-Winters,model,12.544859006913429,157.37348750333697,9.491116518843052,21.777180740050486,30,"Holt-Winters (add. damped trend, add. seasonal m=7)",3.26,,,,12.944055649859772,True,-3.1,2.0,False
Hyderabad,1,2020-02-03,2020-03-03,1770,Naive (last value),baseline,12.944055649859772,167.54857666666666,9.747666666666666,21.092766047296724,30,Naive (last value),0.0,,,,12.944055649859772,,0.0,3.0,False
Hyderabad,1,2020-02-03,2020-03-03,1770,Prophet,model,13.209934396937195,174.50236677138446,11.250794436955173,29.57976521002983,30,"Prophet (yearly + weekly, additive)",1.75,,,,12.944055649859772,False,2.1,4.0,False
Hyderabad,1,2020-02-03,2020-03-03,1770,SARIMA,model,13.787889024773156,190.10588375946006,12.08325256251494,32.056243496136396,30,"SARIMA(2, 0, 1)x(0, 0, 1, 7) + 3 annual Fourier pairs",76.35,,,,12.944055649859772,False,6.5,5.0,False
Hyderabad,1,2020-02-03,2020-03-03,1770,XGBoost,model,16.05190071846096,257.66351667532746,13.861797452795658,38.029393257076386,30,"XGBoost recursive (21 features: lags 1-28, rolling [7, 14, 30], calendar)",6.2,,,,12.944055649859772,False,24.0,6.0,False
Hyderabad,1,2020-02-03,2020-03-03,1770,LSTM,model,16.802726120622722,282.3878036913749,14.657566756279701,40.13147261956686,30,"LSTM(1x64) lookback=60, direct 30-step, 60 epochs (early stop), mean of seeds [42, 43, 44]",214.88,,0.23706245320139188,3.0,12.944055649859772,False,29.8,7.0,False
Hyderabad,1,2020-02-03,2020-03-03,1770,Seasonal naive (weekly),baseline,17.815702343719153,317.39925000000005,14.359666666666666,37.37527117547765,30,Seasonal naive (weekly),0.0,,,,12.944055649859772,,37.6,8.0,False
Hyderabad,1,2020-02-03,2020-03-03,1770,Seasonal naive (annual),baseline,18.799199894321745,353.40991666666673,16.296333333333333,43.0502456842391,30,Seasonal naive (annual),0.0,,,,12.944055649859772,,45.2,9.0,False
Hyderabad,2,2019-10-06,2019-11-04,1650,Holt-Winters,model,12.66933240495039,160.51198358712605,10.584557265099345,31.74551920703077,30,"Holt-Winters (add. damped trend, add. seasonal m=7)",1.23,,,,13.124892126540827,True,-3.5,1.0,True
Hyderabad,2,2019-10-06,2019-11-04,1650,Naive (last value),baseline,13.124892126540827,172.26279333333338,10.950666666666665,34.83211236233154,30,Naive (last value),0.0,,,,13.124892126540827,,0.0,2.0,False
Hyderabad,2,2019-10-06,2019-11-04,1650,Seasonal naive (weekly),baseline,13.230424281430535,175.0441266666667,11.374,33.0500099785093,30,Seasonal naive (weekly),0.0,,,,13.124892126540827,,0.8,3.0,False
Hyderabad,2,2019-10-06,2019-11-04,1650,ARIMA,model,14.206917595220075,201.83650755737375,11.926432301234913,31.334812428493496,30,"ARIMA(2, 0, 1)",43.84,,,,13.124892126540827,False,8.2,4.0,False
Hyderabad,2,2019-10-06,2019-11-04,1650,XGBoost,model,15.760441875137452,248.39152809958614,13.55445420584588,47.01952367405324,30,"XGBoost recursive (21 features: lags 1-28, rolling [7, 14, 30], calendar)",3.78,,,,13.124892126540827,False,20.1,5.0,False
Hyderabad,2,2019-10-06,2019-11-04,1650,SARIMA,model,16.47039016049212,271.2737520388356,14.2397899147656,48.44603996656585,30,"SARIMA(2, 0, 1)x(0, 0, 1, 7) + 3 annual Fourier pairs",68.12,,,,13.124892126540827,False,25.5,6.0,False
Hyderabad,2,2019-10-06,2019-11-04,1650,Prophet,model,21.357702016809856,456.15143543884386,18.05761418085859,63.710952284088506,30,"Prophet (yearly + weekly, additive)",1.35,,,,13.124892126540827,False,62.7,7.0,False
Hyderabad,2,2019-10-06,2019-11-04,1650,Seasonal naive (annual),baseline,22.526726718870336,507.4534166666666,19.34566666666667,65.32194170675308,30,Seasonal naive (annual),0.0,,,,13.124892126540827,,71.6,8.0,False
Hyderabad,2,2019-10-06,2019-11-04,1650,LSTM,model,23.556413673374937,556.0110821624489,19.54325441370389,70.54082491692827,30,"LSTM(1x64) lookback=60, direct 30-step, 35 epochs (early stop), mean of seeds [42, 43, 44]",161.5,,1.0518826033750333,3.0,13.124892126540827,False,79.5,9.0,False
Hyderabad,3,2019-06-08,2019-07-07,1530,Prophet,model,6.877230313568076,47.29629678585966,5.6390310080116155,39.172726294627296,30,"Prophet (yearly + weekly, additive)",1.7,,,,9.282891970357802,True,-25.9,1.0,True
Hyderabad,3,2019-06-08,2019-07-07,1530,SARIMA,model,8.166107433732437,66.68531061926018,6.211071640430048,45.250140848196644,30,"SARIMA(2, 0, 1)x(0, 0, 1, 7) + 3 annual Fourier pairs",56.01,,,,9.282891970357802,True,-12.0,2.0,False
Hyderabad,3,2019-06-08,2019-07-07,1530,Seasonal naive (annual),baseline,9.282891970357802,86.17208333333335,7.425666666666667,46.40774832395725,30,Seasonal naive (annual),0.0,,,,9.282891970357802,,0.0,3.0,False
Hyderabad,3,2019-06-08,2019-07-07,1530,Naive (last value),baseline,10.786546558869835,116.34958666666667,9.309333333333333,64.46436552629133,30,Naive (last value),0.0,,,,9.282891970357802,,16.2,4.0,False
Hyderabad,3,2019-06-08,2019-07-07,1530,Holt-Winters,model,13.03129814217704,169.81473127030677,11.536364432210156,78.32275414410216,30,"Holt-Winters (add. damped trend, add. seasonal m=7)",1.28,,,,9.282891970357802,False,40.4,5.0,False
Hyderabad,3,2019-06-08,2019-07-07,1530,Seasonal naive (weekly),baseline,16.37016798936407,267.98240000000004,14.070666666666664,92.25856317565503,30,Seasonal naive (weekly),0.0,,,,9.282891970357802,,76.3,6.0,False
Hyderabad,3,2019-06-08,2019-07-07,1530,ARIMA,model,17.60873231389598,310.06745370244454,16.32471384985825,106.3148627526835,30,"ARIMA(2, 0, 1)",41.43,,,,9.282891970357802,False,89.7,7.0,False
Hyderabad,3,2019-06-08,2019-07-07,1530,XGBoost,model,18.487304054523328,341.7804112043946,17.233074928975842,111.27291514349096,30,"XGBoost recursive (21 features: lags 1-28, rolling [7, 14, 30], calendar)",4.53,,,,9.282891970357802,False,99.2,8.0,False
Hyderabad,3,2019-06-08,2019-07-07,1530,LSTM,model,21.269061795538843,457.1416829995883,20.37009457826773,128.46955678919286,30,"LSTM(1x64) lookback=60, direct 30-step, 55 epochs (early stop), mean of seeds [42, 43, 44]",220.83,,2.1837338063826395,3.0,9.282891970357802,False,129.1,9.0,False
Hyderabad,4,2019-02-08,2019-03-09,1410,XGBoost,model,10.053544566139959,101.07375834336227,7.930146035889837,17.65826941448112,30,"XGBoost recursive (21 features: lags 1-28, rolling [7, 14, 30], calendar)",3.63,,,,11.127552591053732,True,-9.7,1.0,True
Hyderabad,4,2019-02-08,2019-03-09,1410,ARIMA,model,10.381440482912794,107.77430650026064,8.064044902114826,18.042594397696362,30,"ARIMA(2, 0, 1)",45.98,,,,11.127552591053732,True,-6.7,2.0,False
Hyderabad,4,2019-02-08,2019-03-09,1410,Seasonal naive (annual),baseline,11.127552591053732,123.82242666666662,9.736666666666666,19.95661560173667,30,Seasonal naive (annual),0.0,,,,11.127552591053732,,0.0,3.0,False
Hyderabad,4,2019-02-08,2019-03-09,1410,LSTM,model,11.288611500032198,127.44523794852175,8.883250897022767,20.056647368143917,30,"LSTM(1x64) lookback=60, direct 30-step, 20 epochs (early stop), mean of seeds [42, 43, 44]",62.35,,0.11175128573081722,3.0,11.127552591053732,False,1.4,4.0,False
Hyderabad,4,2019-02-08,2019-03-09,1410,Naive (last value),baseline,11.475280098251785,131.6820533333335,8.766000000000004,20.199375839404407,30,Naive (last value),0.0,,,,11.127552591053732,,3.1,5.0,False
Hyderabad,4,2019-02-08,2019-03-09,1410,Prophet,model,12.758860793034094,162.78852873602258,10.022657361681347,22.441049637649208,30,"Prophet (yearly + weekly, additive)",1.15,,,,11.127552591053732,False,14.7,6.0,False
Hyderabad,4,2019-02-08,2019-03-09,1410,Holt-Winters,model,13.871417273821251,192.41621718446657,10.683539220022814,24.810708313120063,30,"Holt-Winters (add. damped trend, add. seasonal m=7)",1.34,,,,11.127552591053732,False,24.7,7.0,False
Hyderabad,4,2019-02-08,2019-03-09,1410,Seasonal naive (weekly),baseline,14.6058180188581,213.32991999999996,11.598666666666665,26.539436291043287,30,Seasonal naive (weekly),0.0,,,,11.127552591053732,,31.3,8.0,False
Hyderabad,4,2019-02-08,2019-03-09,1410,SARIMA,model,16.886544139950228,285.15537299048736,13.535799278670913,30.98373115739727,30,"SARIMA(2, 0, 1)x(0, 0, 1, 7) + 3 annual Fourier pairs",46.35,,,,11.127552591053732,False,51.8,9.0,False
Hyderabad,5,2018-10-11,2018-11-09,1290,ARIMA,model,11.576412212112967,134.01331970475823,9.907111292563483,21.64678357673165,30,"ARIMA(2, 0, 1)",38.65,,,,12.100757827508158,True,-4.3,1.0,True
Hyderabad,5,2018-10-11,2018-11-09,1290,Naive (last value),baseline,12.100757827508158,146.42833999999996,8.387333333333334,22.070953078588072,30,Naive (last value),0.0,,,,12.100757827508158,,0.0,2.0,False
Hyderabad,5,2018-10-11,2018-11-09,1290,Holt-Winters,model,13.506744756148334,182.4321539077405,9.520098449782576,25.1248229444543,30,"Holt-Winters (add. damped trend, add. seasonal m=7)",1.31,,,,12.100757827508158,False,11.6,3.0,False
Hyderabad,5,2018-10-11,2018-11-09,1290,SARIMA,model,13.658846590234173,186.5640901755517,9.368891999183694,25.050746082047397,30,"SARIMA(2, 0, 1)x(0, 0, 1, 7) + 3 annual Fourier pairs",31.75,,,,12.100757827508158,False,12.9,4.0,False
Hyderabad,5,2018-10-11,2018-11-09,1290,XGBoost,model,14.930012021173562,222.90525895238707,11.193118017049848,28.97816022519243,30,"XGBoost recursive (21 features: lags 1-28, rolling [7, 14, 30], calendar)",3.51,,,,12.100757827508158,False,23.4,5.0,False
Hyderabad,5,2018-10-11,2018-11-09,1290,Seasonal naive (weekly),baseline,15.028978341856774,225.87019,11.200333333333333,26.992821787396316,30,Seasonal naive (weekly),0.0,,,,12.100757827508158,,24.2,6.0,False
Hyderabad,5,2018-10-11,2018-11-09,1290,LSTM,model,18.058228029513995,326.17900878669496,13.931932062837944,35.54897293361119,30,"LSTM(1x64) lookback=60, direct 30-step, 34 epochs (early stop), mean of seeds [42, 43, 44]",82.16,,0.2817964172411982,3.0,12.100757827508158,False,49.2,7.0,False
Hyderabad,5,2018-10-11,2018-11-09,1290,Prophet,model,20.247195987987663,409.9489453759837,16.5395330332359,39.85227635022304,30,"Prophet (yearly + weekly, additive)",1.16,,,,12.100757827508158,False,67.3,8.0,False
Hyderabad,5,2018-10-11,2018-11-09,1290,Seasonal naive (annual),baseline,21.650340874914654,468.7372600000003,18.91533333333334,41.62990881264521,30,Seasonal naive (annual),0.0,,,,12.100757827508158,,78.9,9.0,False
Lucknow,0,2020-06-02,2020-07-01,1901,Prophet,model,14.357878943736388,206.14868776298874,10.912735802158045,23.741273909846367,30,"Prophet (yearly + weekly, additive)",1.75,,,,16.69167027791607,True,-14.0,1.0,True
Lucknow,0,2020-06-02,2020-07-01,1901,Holt-Winters,model,16.14123324624938,260.5394107098263,13.37397656427449,29.576942885425446,30,"Holt-Winters (add. damped trend, add. seasonal m=7)",1.55,,,,16.69167027791607,True,-3.3,2.0,False
Lucknow,0,2020-06-02,2020-07-01,1901,Naive (last value),baseline,16.69167027791607,278.6118566666667,13.792333333333334,31.50613103763696,30,Naive (last value),0.0,,,,16.69167027791607,,0.0,3.0,False
Lucknow,0,2020-06-02,2020-07-01,1901,SARIMA,model,19.489846952895284,379.8541342472816,17.655558850993028,45.62827639438354,30,"SARIMA(2, 0, 1)x(0, 0, 1, 7) + 3 annual Fourier pairs",46.73,,,,16.69167027791607,False,16.8,4.0,False
Lucknow,0,2020-06-02,2020-07-01,1901,ARIMA,model,22.111938097344744,488.93780642080594,20.048830570936214,51.89574582026049,30,"ARIMA(2, 0, 1)",27.69,,,,16.69167027791607,False,32.5,5.0,False
Lucknow,0,2020-06-02,2020-07-01,1901,XGBoost,model,22.647978126446958,512.9309132160199,18.569576845641485,46.0937111845998,30,"XGBoost recursive (21 features: lags 1-28, rolling [7, 14, 30], calendar)",3.92,,,,16.69167027791607,False,35.7,6.0,False
Lucknow,0,2020-06-02,2020-07-01,1901,LSTM,model,27.457584414697816,765.2343137951149,24.449193402130117,65.80244991793232,30,"LSTM(1x64) lookback=60, direct 30-step, 16 epochs (early stop), mean of seeds [42, 43, 44]",84.06,,3.36383291868944,3.0,16.69167027791607,False,64.5,7.0,False
Lucknow,0,2020-06-02,2020-07-01,1901,Seasonal naive (weekly),baseline,28.71044612447997,824.2897166666669,21.371666666666673,50.89894786429097,30,Seasonal naive (weekly),0.0,,,,16.69167027791607,,72.0,8.0,False
Lucknow,0,2020-06-02,2020-07-01,1901,Seasonal naive (annual),baseline,37.345003637256035,1394.6492966666667,33.21633333333334,84.94282100429064,30,Seasonal naive (annual),0.0,,,,16.69167027791607,,123.7,9.0,False
Lucknow,1,2020-02-03,2020-03-03,1781,Prophet,model,22.92727891166395,525.6601182932305,19.30302140668871,25.11107140395459,30,"Prophet (yearly + weekly, additive)",1.12,,,,31.26681195772924,True,-26.7,1.0,True
Lucknow,1,2020-02-03,2020-03-03,1781,ARIMA,model,30.37983630902856,922.9344541633699,25.73426113656304,34.43958435074801,30,"ARIMA(2, 0, 1)",24.4,,,,31.26681195772924,True,-2.8,2.0,False
Lucknow,1,2020-02-03,2020-03-03,1781,Naive (last value),baseline,31.26681195772924,977.6135300000001,26.594999999999995,35.44021777375042,30,Naive (last value),0.0,,,,31.26681195772924,,0.0,3.0,False
Lucknow,1,2020-02-03,2020-03-03,1781,Holt-Winters,model,32.11520817244972,1031.386595959781,26.878222827793316,36.86003548146368,30,"Holt-Winters (add. damped trend, add. seasonal m=7)",1.38,,,,31.26681195772924,False,2.7,4.0,False
Lucknow,1,2020-02-03,2020-03-03,1781,LSTM,model,32.33482335540615,1048.5951270374128,26.152959470680987,37.06134110816882,30,"LSTM(1x64) lookback=60, direct 30-step, 36 epochs (early stop), mean of seeds [42, 43, 44]",194.74,,1.7476629000163522,3.0,31.26681195772924,False,3.4,5.0,False
Lucknow,1,2020-02-03,2020-03-03,1781,SARIMA,model,38.46560785602521,1479.6029877335081,30.174936305518614,44.97149467537096,30,"SARIMA(2, 0, 1)x(0, 0, 1, 7) + 3 annual Fourier pairs",43.19,,,,31.26681195772924,False,23.0,6.0,False
Lucknow,1,2020-02-03,2020-03-03,1781,XGBoost,model,46.07455963643098,2122.865045691035,36.96040711029611,54.23145446988203,30,"XGBoost recursive (21 features: lags 1-28, rolling [7, 14, 30], calendar)",2.79,,,,31.26681195772924,False,47.4,7.0,False
Lucknow,1,2020-02-03,2020-03-03,1781,Seasonal naive (weekly),baseline,51.0558162537172,2606.6963733333328,41.448666666666654,53.228458858370495,30,Seasonal naive (weekly),0.0,,,,31.26681195772924,,63.3,8.0,False
Lucknow,1,2020-02-03,2020-03-03,1781,Seasonal naive (annual),baseline,52.92055234027702,2800.5848599999995,45.52066666666666,53.41570616235847,30,Seasonal naive (annual),0.0,,,,31.26681195772924,,69.3,9.0,False
Lucknow,2,2019-10-06,2019-11-04,1661,LSTM,model,53.20423392293935,2851.3467698743502,33.968502891931024,21.463939811258303,30,"LSTM(1x64) lookback=60, direct 30-step, 27 epochs (early stop), mean of seeds [42, 43, 44]",176.65,,4.544916121063236,3.0,68.50170691303977,True,-22.3,1.0,True
Lucknow,2,2019-10-06,2019-11-04,1661,SARIMA,model,58.22918536292108,3390.6380280294225,34.80304004151996,20.296664022468356,30,"SARIMA(2, 0, 1)x(0, 0, 1, 7) + 3 annual Fourier pairs",41.77,,,,68.50170691303977,True,-15.0,2.0,False
Lucknow,2,2019-10-06,2019-11-04,1661,Prophet,model,59.86436242713967,3583.741888807932,36.79374002454792,22.292207412169322,30,"Prophet (yearly + weekly, additive)",1.05,,,,68.50170691303977,True,-12.6,3.0,False
Lucknow,2,2019-10-06,2019-11-04,1661,Seasonal naive (annual),baseline,68.50170691303977,4692.48385,48.36633333333332,36.88333757096306,30,Seasonal naive (annual),0.0,,,,68.50170691303977,,0.0,4.0,False
Lucknow,2,2019-10-06,2019-11-04,1661,XGBoost,model,81.07699576562686,6573.479242379475,53.38321090824673,29.97020721174939,30,"XGBoost recursive (21 features: lags 1-28, rolling [7, 14, 30], calendar)",3.21,,,,68.50170691303977,False,18.4,5.0,False
Lucknow,2,2019-10-06,2019-11-04,1661,Naive (last value),baseline,105.80955798036396,11195.662560000004,73.03133333333336,42.00388267798505,30,Naive (last value),0.0,,,,68.50170691303977,,54.5,6.0,False
Lucknow,2,2019-10-06,2019-11-04,1661,Holt-Winters,model,113.34652373856441,12847.434443616945,83.36204546399793,51.42325398887929,30,"Holt-Winters (add. damped trend, add. seasonal m=7)",1.84,,,,68.50170691303977,False,65.5,7.0,False
Lucknow,2,2019-10-06,2019-11-04,1661,ARIMA,model,119.45396503870288,14269.249763467647,92.895406540963,60.59949166775619,30,"ARIMA(2, 0, 1)",24.35,,,,68.50170691303977,False,74.4,8.0,False
Lucknow,2,2019-10-06,2019-11-04,1661,Seasonal naive (weekly),baseline,131.00527577162686,17162.38228,104.27066666666666,69.768257437894,30,Seasonal naive (weekly),0.0,,,,68.50170691303977,,91.2,9.0,False
Lucknow,3,2019-06-08,2019-07-07,1541,SARIMA,model,22.923572523124836,525.4901772229639,18.56817178887165,28.93255609575407,30,"SARIMA(2, 0, 1)x(0, 0, 1, 7) + 3 annual Fourier pairs",42.36,,,,30.44960629192656,True,-24.7,1.0,True
Lucknow,3,2019-06-08,2019-07-07,1541,Prophet,model,22.96569622853372,527.4232032612879,17.80379104821366,25.529185906830353,30,"Prophet (yearly + weekly, additive)",1.67,,,,30.44960629192656,True,-24.6,2.0,False
Lucknow,3,2019-06-08,2019-07-07,1541,LSTM,model,23.10428081015876,535.8113861384409,18.786084081004375,30.67283645181067,30,"LSTM(1x64) lookback=60, direct 30-step, 25 epochs (early stop), mean of seeds [42, 43, 44]",117.26,,1.4154837984839563,3.0,30.44960629192656,True,-24.1,3.0,False
Lucknow,3,2019-06-08,2019-07-07,1541,Holt-Winters,model,23.12964486923072,534.980471776731,18.221298390031453,32.005029486859314,30,"Holt-Winters (add. damped trend, add. seasonal m=7)",1.63,,,,30.44960629192656,True,-24.0,4.0,False
Lucknow,3,2019-06-08,2019-07-07,1541,ARIMA,model,23.172519789480074,536.9656733938457,17.32976320994595,37.839574828226205,30,"ARIMA(2, 0, 1)",19.93,,,,30.44960629192656,True,-23.9,5.0,False
Lucknow,3,2019-06-08,2019-07-07,1541,XGBoost,model,24.25645944190287,588.3758246566789,19.33448687859426,28.557170725532817,30,"XGBoost recursive (21 features: lags 1-28, rolling [7, 14, 30], calendar)",4.44,,,,30.44960629192656,True,-20.3,6.0,False
Lucknow,3,2019-06-08,2019-07-07,1541,Naive (last value),baseline,30.44960629192656,927.1785233333336,26.39566666666667,38.252033956785404,30,Naive (last value),0.0,,,,30.44960629192656,,0.0,7.0,False
Lucknow,3,2019-06-08,2019-07-07,1541,Seasonal naive (weekly),baseline,32.69351225141363,1068.8657433333333,26.973,54.18156125359346,30,Seasonal naive (weekly),0.0,,,,30.44960629192656,,7.4,8.0,False
Lucknow,3,2019-06-08,2019-07-07,1541,Seasonal naive (annual),baseline,40.6854789410997,1655.3081966666675,30.953,58.15236645532139,30,Seasonal naive (annual),0.0,,,,30.44960629192656,,33.6,9.0,False
Lucknow,4,2019-02-08,2019-03-09,1421,ARIMA,model,35.78972727538609,1280.904578446515,28.61760671350204,32.317175875358814,30,"ARIMA(2, 0, 1)",25.57,,,,50.228665520795985,True,-28.7,1.0,True
Lucknow,4,2019-02-08,2019-03-09,1421,Holt-Winters,model,36.51466469007937,1333.3207374289293,27.567904486329223,28.642662598896525,30,"Holt-Winters (add. damped trend, add. seasonal m=7)",1.29,,,,50.228665520795985,True,-27.3,2.0,False
Lucknow,4,2019-02-08,2019-03-09,1421,Prophet,model,39.045108139388894,1524.5204696165727,31.962896890151082,36.28008727460193,30,"Prophet (yearly + weekly, additive)",1.19,,,,50.228665520795985,True,-22.3,3.0,False
Lucknow,4,2019-02-08,2019-03-09,1421,SARIMA,model,40.20811184988879,1616.6922585331672,33.977328586264825,41.04460470650247,30,"SARIMA(2, 0, 1)x(0, 0, 1, 7) + 3 annual Fourier pairs",39.56,,,,50.228665520795985,True,-19.9,4.0,False
Lucknow,4,2019-02-08,2019-03-09,1421,LSTM,model,45.82747152550251,2139.0379841471586,39.600919744765655,48.42792846121609,30,"LSTM(1x64) lookback=60, direct 30-step, 31 epochs (early stop), mean of seeds [42, 43, 44]",112.22,,6.2354500821044025,3.0,50.228665520795985,True,-8.8,5.0,False
Lucknow,4,2019-02-08,2019-03-09,1421,XGBoost,model,48.568358061795756,2358.885404818801,40.120021100726014,50.20663732367103,30,"XGBoost recursive (21 features: lags 1-28, rolling [7, 14, 30], calendar)",3.48,,,,50.228665520795985,True,-3.3,6.0,False
Lucknow,4,2019-02-08,2019-03-09,1421,Naive (last value),baseline,50.228665520795985,2522.9188399999994,38.07866666666665,31.693993913808676,30,Naive (last value),0.0,,,,50.228665520795985,,0.0,7.0,False
Lucknow,4,2019-02-08,2019-03-09,1421,Seasonal naive (weekly),baseline,74.92969845128164,5614.459709999998,66.16099999999999,75.30596322955182,30,Seasonal naive (weekly),0.0,,,,50.228665520795985,,49.2,8.0,False
Lucknow,4,2019-02-08,2019-03-09,1421,Seasonal naive (annual),baseline,77.26130223684645,5969.308823333335,62.645,70.96679398090696,30,Seasonal naive (annual),0.0,,,,50.228665520795985,,53.8,9.0,False
Lucknow,5,2018-10-11,2018-11-09,1301,SARIMA,model,46.87907326447981,2197.6475101364654,27.672696440295216,18.404047944441423,30,"SARIMA(2, 0, 1)x(0, 0, 1, 7) + 3 annual Fourier pairs",33.21,,,,51.45694452646796,True,-8.9,1.0,True
Lucknow,5,2018-10-11,2018-11-09,1301,XGBoost,model,47.05941059249408,2214.588125312944,32.380236973242035,25.50038437320798,30,"XGBoost recursive (21 features: lags 1-28, rolling [7, 14, 30], calendar)",1.61,,,,51.45694452646796,True,-8.5,2.0,False
Lucknow,5,2018-10-11,2018-11-09,1301,Seasonal naive (annual),baseline,51.45694452646796,2647.817140000001,40.82400000000003,31.329692057498086,30,Seasonal naive (annual),0.0,,,,51.45694452646796,,0.0,3.0,False
Lucknow,5,2018-10-11,2018-11-09,1301,Prophet,model,57.09359695537385,3259.6788133026735,43.83689136278966,30.715787533253923,30,"Prophet (yearly + weekly, additive)",0.88,,,,51.45694452646796,False,11.0,4.0,False
Lucknow,5,2018-10-11,2018-11-09,1301,LSTM,model,61.121352479120524,3742.9482071695206,52.066536184720285,39.59535004103653,30,"LSTM(1x64) lookback=60, direct 30-step, 43 epochs (early stop), mean of seeds [42, 43, 44]",179.37,,2.669921027414188,3.0,51.45694452646796,False,18.8,5.0,False
Lucknow,5,2018-10-11,2018-11-09,1301,Naive (last value),baseline,67.04590365314398,4495.153196666666,41.368333333333325,24.453246284961562,30,Naive (last value),0.0,,,,51.45694452646796,,30.3,6.0,False
Lucknow,5,2018-10-11,2018-11-09,1301,Holt-Winters,model,69.99076917257482,4898.70776936865,45.3841089903894,26.909450748917596,30,"Holt-Winters (add. damped trend, add. seasonal m=7)",1.17,,,,51.45694452646796,False,36.0,7.0,False
Lucknow,5,2018-10-11,2018-11-09,1301,Seasonal naive (weekly),baseline,74.63898945368075,5570.978746666666,49.65599999999999,29.048538938430646,30,Seasonal naive (weekly),0.0,,,,51.45694452646796,,45.1,8.0,False
Lucknow,5,2018-10-11,2018-11-09,1301,ARIMA,model,80.09871576469011,6415.804267152617,55.81870796189177,31.956151704865192,30,"ARIMA(2, 0, 1)",27.77,,,,51.45694452646796,False,55.7,9.0,False
